https://www.ssfshop.com/BEANPOLE/GM0024090547239/good,,,,,,ÆÒÃ÷
https://www.ssfshop.com/BEANPOLE/GM0024070967032/good,,,,,,
https://www.ssfshop.com/BEANPOLE/GRBD24081980726/good,,,,,,
https://www.ssfshop.com/BEANPOLE/GM0024042425900/good,,,,,,
https://www.ssfshop.com/BEANPOLE/GM0024090542251/good,,,,,,
https://www.ssfshop.com/BEANPOLE/GM0024070244597/good,,,,,,
https://www.ssfshop.com/BEANPOLE/GM0024070863386/good,,,,,,
https://www.ssfshop.com/BEANPOLE/GM0024072399166/good,,,,,,
https://www.ssfshop.com/BEANPOLE/GM0024062490933/good,,,,,,
https://www.ssfshop.com/BEANPOLE/GM0024070863388/good,,,,,,
https://www.ssfshop.com/BEANPOLE/GM0024070863380/good,,,,,,
https://www.ssfshop.com/BEANPOLE/GM0024070368002/good,,,,,,
https://www.ssfshop.com/BEANPOLE/GM0024081983548/good,,,,,,
https://www.ssfshop.com/BEANPOLE/GM0024061834275/good,,,,,,
https://www.ssfshop.com/BEANPOLE/GM0024090547242/good,,,,,,
https://www.ssfshop.com/BEANPOLE/GM0024080580356/good,,,,,,
https://www.ssfshop.com/BEANPOLE/GM0024070863378/good,,,,,,
https://www.ssfshop.com/BEANPOLE/GM0024082975674/good,,,,,,
https://www.ssfshop.com/BEANPOLE/GPD224080867887/good,,,,,,
https://www.ssfshop.com/BEANPOLE/GM0024062490381/good,,,,,,
https://www.ssfshop.com/BEANPOLE/GM0024080580368/good,,,,,,
https://www.ssfshop.com/BEANPOLE/GM0024083095715/good,,,,,,
https://www.ssfshop.com/BEANPOLE/GM0024090409106/good,,,,,,
https://www.ssfshop.com/BEANPOLE/GM0024070863383/good,,,,,,
https://www.ssfshop.com/BEANPOLE/GM0024090241659/good,,,,,,
https://www.ssfshop.com/BEANPOLE/GM0024070243860/good,,,,,,
https://www.ssfshop.com/BEANPOLE/GRBD24081980758/good,,,,,,
https://www.ssfshop.com/BEANPOLE/GM0024042383362/good,,,,,,
https://www.ssfshop.com/BEANPOLE/GM0024080697030/good,,,,,,
https://www.ssfshop.com/BEANPOLE/GM0024040146546/good,,,,,,
https://www.ssfshop.com/BEANPOLE/GM0024090547245/good,,,,,,
https://www.ssfshop.com/BEANPOLE/GM0024081377253/good,,,,,,
https://www.ssfshop.com/BEANPOLE/GM0024070136977/good,,,,,,
https://www.ssfshop.com/BEANPOLE/GM0024070863320/good,,,,,,
https://www.ssfshop.com/BEANPOLE/GM0024070863379/good,,,,,,
https://www.ssfshop.com/BEANPOLE/GM0024081377267/good,,,,,,
https://www.ssfshop.com/BEANPOLE/GM0024080580276/good,,,,,,
https://www.ssfshop.com/BEANPOLE/GM0024070863381/good,,,,,,
https://www.ssfshop.com/BEANPOLE/GM0024072399648/good,,,,,,
https://www.ssfshop.com/BEANPOLE/GM0024090547240/good,,,,,,
https://www.ssfshop.com/BEANPOLE/GM0024090542254/good,,,,,,
https://www.ssfshop.com/BEANPOLE/GM0024070863387/good,,,,,,
https://www.ssfshop.com/BEANPOLE/GM0024082782531/good,,,,,,
https://www.ssfshop.com/BEANPOLE/GM0024041844018/good,,,,,,
https://www.ssfshop.com/BEANPOLE/GM0024081427704/good,,,,,,
https://www.ssfshop.com/BEANPOLE/GM0024090679318/good,,,,,,
https://www.ssfshop.com/BEANPOLE/GM0024081968937/good,,,,,,
https://www.ssfshop.com/BEANPOLE/GQLA24082974339/good,,,,,,
https://www.ssfshop.com/BEANPOLE/GM0024091210432/good,,,,,,
https://www.ssfshop.com/BEANPOLE/GM0024082114856/good,,,,,,
https://www.ssfshop.com/BEANPOLE/GM0024050360684/good,,,,,,
https://www.ssfshop.com/BEANPOLE/GM0024080923462/good,,,,,,
https://www.ssfshop.com/BEANPOLE/GM0024050250337/good,,,,,,
https://www.ssfshop.com/BEANPOLE/GM0024082345057/good,,,,,,
https://www.ssfshop.com/BEANPOLE/GM0024062063252/good,,,,,,
https://www.ssfshop.com/BEANPOLE/GM0024082224335/good,,,,,,
https://www.ssfshop.com/BEANPOLE/GM0024071969971/good,,,,,,
https://www.ssfshop.com/BEANPOLE/GM0024062829679/good,,,,,,
https://www.ssfshop.com/BEANPOLE/GM0024083095711/good,,,,,,
https://www.ssfshop.com/BEANPOLE/GM0024090542253/good,,,,,,
https://www.ssfshop.com/BEANPOLE/GM0024062490930/good,,,,,,
https://www.ssfshop.com/BEANPOLE/GM0024041842059/good,,,,,,
https://www.ssfshop.com/BEANPOLE/GM0024082631955/good,,,,,,
https://www.ssfshop.com/BEANPOLE/GM0024081260711/good,,,,,,
https://www.ssfshop.com/BEANPOLE/GM0024090241660/good,,,,,,
https://www.ssfshop.com/BEANPOLE/GM0024080580371/good,,,,,,
https://www.ssfshop.com/BEANPOLE/GM0024052700358/good,,,,,,
https://www.ssfshop.com/BEANPOLE/GM0024050360681/good,,,,,,
https://www.ssfshop.com/BEANPOLE/GM0024082114857/good,,,,,,
https://www.ssfshop.com/BEANPOLE/GM0024071079458/good,,,,,,
https://www.ssfshop.com/BEANPOLE/GM0024071639161/good,,,,,,
https://www.ssfshop.com/BEANPOLE/GM0024082341201/good,,,,,,
https://www.ssfshop.com/BEANPOLE/GM0024070243859/good,,,,,,
https://www.ssfshop.com/BEANPOLE/GPD224073050761/good,,,,,,
https://www.ssfshop.com/BEANPOLE/GPD224080868474/good,,,,,,
https://www.ssfshop.com/BEANPOLE/GM0024061196809/good,,,,,,
https://www.ssfshop.com/BEANPOLE/GM0024062597025/good,,,,,,
https://www.ssfshop.com/BEANPOLE/GM0024070863384/good,,,,,,
https://www.ssfshop.com/BEANPOLE/GM0024090547244/good,,,,,,
https://www.ssfshop.com/BEANPOLE/GM0024091192370/good,,,,,,
https://www.ssfshop.com/BEANPOLE/GM0024081427709/good,,,,,,
https://www.ssfshop.com/BEANPOLE/GM0024070863385/good,,,,,,
https://www.ssfshop.com/BEANPOLE/GM0024082832389/good,,,,,,
https://www.ssfshop.com/BEANPOLE/GM0024070247778/good,,,,,,
https://www.ssfshop.com/BEANPOLE/GM0024080580369/good,,,,,,
https://www.ssfshop.com/BEANPOLE/GM0024080168502/good,,,,,,
https://www.ssfshop.com/BEANPOLE/GM0024062490380/good,,,,,,
https://www.ssfshop.com/BEANPOLE/GM0024082341157/good,,,,,,
https://www.ssfshop.com/BEANPOLE/GM0024083095707/good,,,,,,
https://www.ssfshop.com/BEANPOLE/GM0024072523731/good,,,,,,
https://www.ssfshop.com/BEANPOLE/GM0024071289293/good,,,,,,
https://www.ssfshop.com/BEANPOLE/GM0024082973075/good,,,,,,
https://www.ssfshop.com/BEANPOLE/GM0024081967694/good,,,,,,
https://www.ssfshop.com/BEANPOLE/GM0024082341199/good,,,,,,
https://www.ssfshop.com/BEANPOLE/GRBD24081980827/good,,,,,,
https://www.ssfshop.com/BEANPOLE/GM0024080580277/good,,,,,,
https://www.ssfshop.com/BEANPOLE/GQRK24081390378/good,,,,,,
https://www.ssfshop.com/BEANPOLE/GM0024091192373/good,,,,,,
https://www.ssfshop.com/BEANPOLE/GM0024072524151/good,,,,,,
https://www.ssfshop.com/BEANPOLE/GM0024070139954/good,,,,,,
https://www.ssfshop.com/BEANPOLE/GM0024071077523/good,,,,,,
https://www.ssfshop.com/BEANPOLE/GM0024081377261/good,,,,,,
https://www.ssfshop.com/BEANPOLE/GM0024080580198/good,,,,,,
https://www.ssfshop.com/BEANPOLE/GM0024070863321/good,,,,,,
https://www.ssfshop.com/BEANPOLE/GM0024071969969/good,,,,,,
https://www.ssfshop.com/BEANPOLE/GM0024072287103/good,,,,,,
https://www.ssfshop.com/BEANPOLE/GM0024081240982/good,,,,,,
https://www.ssfshop.com/BEANPOLE/GM0024091331710/good,,,,,,
https://www.ssfshop.com/BEANPOLE/GM0024091068132/good,,,,,,
https://www.ssfshop.com/BEANPOLE/GM0024083097168/good,,,,,,
https://www.ssfshop.com/BEANPOLE/GM0024081967345/good,,,,,,
https://www.ssfshop.com/BEANPOLE/GM0024070863382/good,,,,,,
https://www.ssfshop.com/BEANPOLE/GM0024080168501/good,,,,,,
https://www.ssfshop.com/BEANPOLE/GM0024072408618/good,,,,,,
https://www.ssfshop.com/BEANPOLE/GM0024090241661/good,,,,,,
https://www.ssfshop.com/BEANPOLE/GM0024073048859/good,,,,,,
https://www.ssfshop.com/BEANPOLE/GM0024091331711/good,,,,,,
https://www.ssfshop.com/BEANPOLE/GM0024061209593/good,,,,,,
https://www.ssfshop.com/BEANPOLE/GM0024090547241/good,,,,,,
https://www.ssfshop.com/BEANPOLE/GM0024082114973/good,,,,,,
https://www.ssfshop.com/BEANPOLE/GM0024072938656/good,,,,,,
https://www.ssfshop.com/BEANPOLE/GM0024082114925/good,,,,,,
https://www.ssfshop.com/BEANPOLE/GM0024072408617/good,,,,,,
https://www.ssfshop.com/BEANPOLE/GM0024070244599/good,,,,,,
https://www.ssfshop.com/BEANPOLE/GM0024042380038/good,,,,,,
https://www.ssfshop.com/BEANPOLE/GM0024082782530/good,,,,,,
https://www.ssfshop.com/BEANPOLE/GM0024081377256/good,,,,,,
https://www.ssfshop.com/BEANPOLE/GM0024082341200/good,,,,,,
https://www.ssfshop.com/BEANPOLE/GM0024070863376/good,,,,,,
https://www.ssfshop.com/BEANPOLE/GM0024090682873/good,,,,,,
https://www.ssfshop.com/BEANPOLE/GM0024070244603/good,,,,,,
https://www.ssfshop.com/BEANPOLE/GM0024091210431/good,,,,,,
https://www.ssfshop.com/BEANPOLE/GM0024082114858/good,,,,,,
https://www.ssfshop.com/BEANPOLE/GM0024081967348/good,,,,,,
https://www.ssfshop.com/BEANPOLE/GM0024080693661/good,,,,,,
https://www.ssfshop.com/BEANPOLE/GQX524082779005/good,,,,,,
https://www.ssfshop.com/BEANPOLE/GM0024082782587/good,,,,,,
https://www.ssfshop.com/BEANPOLE/GM0024083097169/good,,,,,,
https://www.ssfshop.com/BEANPOLE/GM0024072937350/good,,,,,,
https://www.ssfshop.com/BEANPOLE/GM0024070244596/good,,,,,,
https://www.ssfshop.com/BEANPOLE/GM0024062490931/good,,,,,,
https://www.ssfshop.com/BEANPOLE/GPV224080273349/good,,,,,,
https://www.ssfshop.com/BEANPOLE/GM0024060444461/good,,,,,,
https://www.ssfshop.com/BEANPOLE/GM0024080693664/good,,,,,,
https://www.ssfshop.com/BEANPOLE/GM0024090418295/good,,,,,,
https://www.ssfshop.com/BEANPOLE/GM0024060545652/good,,,,,,
https://www.ssfshop.com/BEANPOLE/GM0024071750232/good,,,,,,
https://www.ssfshop.com/BEANPOLE/GM0024072399647/good,,,,,,
https://www.ssfshop.com/BEANPOLE/GM0024081382437/good,,,,,,
https://www.ssfshop.com/BEANPOLE/GM0024061315533/good,,,,,,
https://www.ssfshop.com/BEANPOLE/GM0024081260715/good,,,,,,
https://www.ssfshop.com/BEANPOLE/GM0024082973930/good,,,,,,
https://www.ssfshop.com/BEANPOLE/GM0024081967328/good,,,,,,
https://www.ssfshop.com/BEANPOLE/GM0024070967071/good,,,,,,
https://www.ssfshop.com/BEANPOLE/GM0024081968939/good,,,,,,
https://www.ssfshop.com/BEANPOLE/GPD224072408780/good,,,,,,
https://www.ssfshop.com/BEANPOLE/GM0024071749590/good,,,,,,
https://www.ssfshop.com/BEANPOLE/GM0024090543102/good,,,,,,
https://www.ssfshop.com/BEANPOLE/GM0024080697055/good,,,,,,
https://www.ssfshop.com/BEANPOLE/GM0024042383364/good,,,,,,
https://www.ssfshop.com/BEANPOLE/GM0024082224323/good,,,,,,
https://www.ssfshop.com/BEANPOLE/GM0024080580370/good,,,,,,
https://www.ssfshop.com/BEANPOLE/GRBD24081980749/good,,,,,,
https://www.ssfshop.com/BEANPOLE/GM0024083004020/good,,,,,,
https://www.ssfshop.com/BEANPOLE/GM0024072288834/good,,,,,,
https://www.ssfshop.com/BEANPOLE/GM0024080580274/good,,,,,,
https://www.ssfshop.com/BEANPOLE/GM0024080580273/good,,,,,,
https://www.ssfshop.com/BEANPOLE/GM0024081377865/good,,,,,,
https://www.ssfshop.com/BEANPOLE/GM0024071289563/good,,,,,,
https://www.ssfshop.com/BEANPOLE/GM0024071969932/good,,,,,,
https://www.ssfshop.com/BEANPOLE/GM0024071969975/good,,,,,,
https://www.ssfshop.com/BEANPOLE/GM0024091067736/good,,,,,,
https://www.ssfshop.com/BEANPOLE/GM0024070136981/good,,,,,,
https://www.ssfshop.com/BEANPOLE/GM0024080855260/good,,,,,,
https://www.ssfshop.com/BEANPOLE/GM0024052282786/good,,,,,,
https://www.ssfshop.com/BEANPOLE/GM0024081377301/good,,,,,,
https://www.ssfshop.com/BEANPOLE/GM0024071750215/good,,,,,,
https://www.ssfshop.com/BEANPOLE/GM0024071289233/good,,,,,,
https://www.ssfshop.com/BEANPOLE/GM0024041850281/good,,,,,,
https://www.ssfshop.com/BEANPOLE/GQX524082779503/good,,,,,,
https://www.ssfshop.com/BEANPOLE/GQ7T24080581834/good,,,,,,
https://www.ssfshop.com/BEANPOLE/GQ7T24081381673/good,,,,,,
https://www.ssfshop.com/BEANPOLE/GM0024081967331/good,,,,,,
https://www.ssfshop.com/BEANPOLE/GM0024080580278/good,,,,,,
https://www.ssfshop.com/BEANPOLE/GM0024091211491/good,,,,,,
https://www.ssfshop.com/BEANPOLE/GM0024072287615/good,,,,,,
https://www.ssfshop.com/BEANPOLE/GM0024081968935/good,,,,,,
https://www.ssfshop.com/BEANPOLE/GM0024082116014/good,,,,,,
https://www.ssfshop.com/BEANPOLE/GM0024081967341/good,,,,,,
https://www.ssfshop.com/BEANPOLE/GM0024052700357/good,,,,,,
https://www.ssfshop.com/BEANPOLE/GM0024090415182/good,,,,,,
https://www.ssfshop.com/BEANPOLE/GM0024080170732/good,,,,,,
https://www.ssfshop.com/BEANPOLE/GM0024061834256/good,,,,,,
https://www.ssfshop.com/BEANPOLE/GM0024082348994/good,,,,,,
https://www.ssfshop.com/BEANPOLE/GM0024072409102/good,,,,,,
https://www.ssfshop.com/BEANPOLE/GM0024070863323/good,,,,,,
https://www.ssfshop.com/BEANPOLE/GM0024050885958/good,,,,,,
https://www.ssfshop.com/BEANPOLE/GM0023092272571/good,,,,,,
https://www.ssfshop.com/BEANPOLE/GPD224080868516/good,,,,,,
https://www.ssfshop.com/BEANPOLE/GM0024071969973/good,,,,,,
https://www.ssfshop.com/BEANPOLE/GM0024080168503/good,,,,,,
https://www.ssfshop.com/BEANPOLE/GPD224091196162/good,,,,,,
https://www.ssfshop.com/BEANPOLE/GQ7T24080581836/good,,,,,,
https://www.ssfshop.com/BEANPOLE/GM0024080923472/good,,,,,,
https://www.ssfshop.com/BEANPOLE/GM0024072287131/good,,,,,,
https://www.ssfshop.com/BEANPOLE/GM0024070247777/good,,,,,,
https://www.ssfshop.com/BEANPOLE/GRBD24081980722/good,,,,,,
https://www.ssfshop.com/BEANPOLE/GM0024081967338/good,,,,,,
https://www.ssfshop.com/BEANPOLE/GM0024081377296/good,,,,,,
https://www.ssfshop.com/BEANPOLE/GM0024081377249/good,,,,,,
https://www.ssfshop.com/BEANPOLE/GM0024082835045/good,,,,,,
https://www.ssfshop.com/BEANPOLE/GM0024073048773/good,,,,,,
https://www.ssfshop.com/BEANPOLE/GM0024072398995/good,,,,,,
https://www.ssfshop.com/BEANPOLE/GQJ924073051728/good,,,,,,
https://www.ssfshop.com/BEANPOLE/GM0024071639160/good,,,,,,
https://www.ssfshop.com/BEANPOLE/GM0024071969974/good,,,,,,
https://www.ssfshop.com/BEANPOLE/GM0024082833185/good,,,,,,
https://www.ssfshop.com/BEANPOLE/GM0024080861269/good,,,,,,
https://www.ssfshop.com/BEANPOLE/GM0024080706849/good,,,,,,
https://www.ssfshop.com/BEANPOLE/GM0024080694716/good,,,,,,
https://www.ssfshop.com/BEANPOLE/GM0024080923459/good,,,,,,
https://www.ssfshop.com/BEANPOLE/GM0024070136998/good,,,,,,
https://www.ssfshop.com/BEANPOLE/GQ0Z24081413391/good,,,,,,
https://www.ssfshop.com/BEANPOLE/GM0024082345743/good,,,,,,
https://www.ssfshop.com/BEANPOLE/GM0024071750171/good,,,,,,
https://www.ssfshop.com/BEANPOLE/GM0024081982666/good,,,,,,
https://www.ssfshop.com/BEANPOLE/GM0024070136978/good,,,,,,
https://www.ssfshop.com/BEANPOLE/GM0024061315535/good,,,,,,
https://www.ssfshop.com/BEANPOLE/GM0024080923465/good,,,,,,
https://www.ssfshop.com/BEANPOLE/GM0024062490382/good,,,,,,
https://www.ssfshop.com/BEANPOLE/GM0024062597024/good,,,,,,
https://www.ssfshop.com/BEANPOLE/GM0024091331709/good,,,,,,
https://www.ssfshop.com/BEANPOLE/GQJ924073051704/good,,,,,,
https://www.ssfshop.com/BEANPOLE/GQJ924073051737/good,,,,,,
https://www.ssfshop.com/BEANPOLE/GM0024072938646/good,,,,,,
https://www.ssfshop.com/BEANPOLE/GM0024081968883/good,,,,,,
https://www.ssfshop.com/BEANPOLE/GM0024070136893/good,,,,,,
https://www.ssfshop.com/BEANPOLE/GM0024072938643/good,,,,,,
https://www.ssfshop.com/BEANPOLE/GM0024061834255/good,,,,,,
https://www.ssfshop.com/BEANPOLE/GM0024082835049/good,,,,,,
https://www.ssfshop.com/BEANPOLE/GM0024070136997/good,,,,,,
https://www.ssfshop.com/BEANPOLE/GM0024082224301/good,,,,,,
https://www.ssfshop.com/BEANPOLE/GM0024082973078/good,,,,,,
https://www.ssfshop.com/BEANPOLE/GM0024062710257/good,,,,,,
https://www.ssfshop.com/BEANPOLE/GM0024081421346/good,,,,,,
https://www.ssfshop.com/BEANPOLE/GM0024073160193/good,,,,,,
https://www.ssfshop.com/BEANPOLE/GQ6424080580420/good,,,,,,
https://www.ssfshop.com/BEANPOLE/GM0024090679222/good,,,,,,
https://www.ssfshop.com/BEANPOLE/GM0024082631956/good,,,,,,
https://www.ssfshop.com/BEANPOLE/GM0024072937199/good,,,,,,
https://www.ssfshop.com/BEANPOLE/GM0024072938657/good,,,,,,
https://www.ssfshop.com/BEANPOLE/GM0024081968876/good,,,,,,
https://www.ssfshop.com/BEANPOLE/GM0024071639260/good,,,,,,
https://www.ssfshop.com/BEANPOLE/GM0024070136979/good,,,,,,
https://www.ssfshop.com/BEANPOLE/GM0024042425902/good,,,,,,
https://www.ssfshop.com/BEANPOLE/GM0024081382424/good,,,,,,
https://www.ssfshop.com/BEANPOLE/GM0024040984642/good,,,,,,
https://www.ssfshop.com/BEANPOLE/GM0024082345055/good,,,,,,
https://www.ssfshop.com/BEANPOLE/GM0024083095718/good,,,,,,
https://www.ssfshop.com/BEANPOLE/GM0024062710261/good,,,,,,
https://www.ssfshop.com/BEANPOLE/GM0024082093060/good,,,,,,
https://www.ssfshop.com/BEANPOLE/GM0024072523732/good,,,,,,
https://www.ssfshop.com/BEANPOLE/GM0024071186034/good,,,,,,
https://www.ssfshop.com/BEANPOLE/GM0024082834679/good,,,,,,
https://www.ssfshop.com/BEANPOLE/GM0024082632336/good,,,,,,
https://www.ssfshop.com/BEANPOLE/GQX524082779522/good,,,,,,
https://www.ssfshop.com/BEANPOLE/GM0024071750230/good,,,,,,
https://www.ssfshop.com/BEANPOLE/GM0024090906840/good,,,,,,
https://www.ssfshop.com/BEANPOLE/GM0024082099983/good,,,,,,
https://www.ssfshop.com/BEANPOLE/GM0024090906842/good,,,,,,
https://www.ssfshop.com/BEANPOLE/GM0024090410773/good,,,,,,
https://www.ssfshop.com/BEANPOLE/GM0024070863337/good,,,,,,
https://www.ssfshop.com/BEANPOLE/GM0024042383363/good,,,,,,
https://www.ssfshop.com/BEANPOLE/GM0024090542252/good,,,,,,
https://www.ssfshop.com/BEANPOLE/GM0024081241194/good,,,,,,
https://www.ssfshop.com/BEANPOLE/GM0024052281674/good,,,,,,
https://www.ssfshop.com/BEANPOLE/GM0024070247785/good,,,,,,
https://www.ssfshop.com/BEANPOLE/GM0024072398992/good,,,,,,
https://www.ssfshop.com/BEANPOLE/GM0024071526153/good,,,,,,
https://www.ssfshop.com/BEANPOLE/GRBD24081980188/good,,,,,,
https://www.ssfshop.com/BEANPOLE/GM0024070243855/good,,,,,,
https://www.ssfshop.com/BEANPOLE/GM0024051648024/good,,,,,,
https://www.ssfshop.com/BEANPOLE/GM0024052282785/good,,,,,,
https://www.ssfshop.com/BEANPOLE/GM0024081377264/good,,,,,,
https://www.ssfshop.com/BEANPOLE/GM0024042267549/good,,,,,,
https://www.ssfshop.com/BEANPOLE/GM0024090547243/good,,,,,,
https://www.ssfshop.com/BEANPOLE/GM0024062598561/good,,,,,,
https://www.ssfshop.com/BEANPOLE/GM0024080918263/good,,,,,,
https://www.ssfshop.com/BEANPOLE/GM0024091067571/good,,,,,,
https://www.ssfshop.com/BEANPOLE/GM0024082973084/good,,,,,,
https://www.ssfshop.com/BEANPOLE/GM0024091326773/good,,,,,,
https://www.ssfshop.com/BEANPOLE/GM0024071970295/good,,,,,,
https://www.ssfshop.com/BEANPOLE/GM0024080580357/good,,,,,,
https://www.ssfshop.com/BEANPOLE/GM0024091067574/good,,,,,,
https://www.ssfshop.com/BEANPOLE/GM0024080697165/good,,,,,,
https://www.ssfshop.com/BEANPOLE/GM0024081975455/good,,,,,,
https://www.ssfshop.com/BEANPOLE/GPD224072408739/good,,,,,,
https://www.ssfshop.com/BEANPOLE/GM0024071289562/good,,,,,,
https://www.ssfshop.com/BEANPOLE/GM0024062597023/good,,,,,,
https://www.ssfshop.com/BEANPOLE/GM0024082339517/good,,,,,,
https://www.ssfshop.com/BEANPOLE/GQ2N24090541817/good,,,,,,
https://www.ssfshop.com/BEANPOLE/GM0024082224322/good,,,,,,
https://www.ssfshop.com/BEANPOLE/GM0024070367129/good,,,,,,
https://www.ssfshop.com/BEANPOLE/GM0024082093076/good,,,,,,
https://www.ssfshop.com/BEANPOLE/GM0024080697164/good,,,,,,
https://www.ssfshop.com/BEANPOLE/GM0024070544135/good,,,,,,
https://www.ssfshop.com/BEANPOLE/GM0024052281675/good,,,,,,
https://www.ssfshop.com/BEANPOLE/GM0024080861275/good,,,,,,
https://www.ssfshop.com/BEANPOLE/GM0024071079459/good,,,,,,
https://www.ssfshop.com/BEANPOLE/GPUQ24082788366/good,,,,,,
https://www.ssfshop.com/BEANPOLE/GM0024080873185/good,,,,,,
https://www.ssfshop.com/BEANPOLE/GM0024082114924/good,,,,,,
https://www.ssfshop.com/BEANPOLE/GM0024061205721/good,,,,,,
https://www.ssfshop.com/BEANPOLE/GM0024071750220/good,,,,,,
https://www.ssfshop.com/BEANPOLE/GM0024072523771/good,,,,,,
https://www.ssfshop.com/BEANPOLE/GM0024071970285/good,,,,,,
https://www.ssfshop.com/BEANPOLE/GM0024071750216/good,,,,,,
https://www.ssfshop.com/BEANPOLE/GM0024070367996/good,,,,,,
https://www.ssfshop.com/BEANPOLE/GM0024051643964/good,,,,,,
https://www.ssfshop.com/BEANPOLE/GM0024081421349/good,,,,,,
https://www.ssfshop.com/BEANPOLE/GM0024090679312/good,,,,,,
https://www.ssfshop.com/BEANPOLE/GM0024070136976/good,,,,,,
https://www.ssfshop.com/BEANPOLE/GM0024091192544/good,,,,,,
https://www.ssfshop.com/BEANPOLE/GM0024071526155/good,,,,,,
https://www.ssfshop.com/BEANPOLE/GM0024082341209/good,,,,,,
https://www.ssfshop.com/BEANPOLE/GM0024090679158/good,,,,,,
https://www.ssfshop.com/BEANPOLE/GM0024072288837/good,,,,,,
https://www.ssfshop.com/BEANPOLE/GM0024082092057/good,,,,,,
https://www.ssfshop.com/BEANPOLE/GM0024061209573/good,,,,,,
https://www.ssfshop.com/BEANPOLE/GM0024071639259/good,,,,,,
https://www.ssfshop.com/BEANPOLE/GM0024042939445/good,,,,,,
https://www.ssfshop.com/BEANPOLE/GM0024082344977/good,,,,,,
https://www.ssfshop.com/BEANPOLE/GQ7T24090912205/good,,,,,,
https://www.ssfshop.com/BEANPOLE/GM0024082224321/good,,,,,,
https://www.ssfshop.com/BEANPOLE/GM0024081967696/good,,,,,,
https://www.ssfshop.com/BEANPOLE/GPUQ24090720374/good,,,,,,
https://www.ssfshop.com/BEANPOLE/GM0024081377086/good,,,,,,
https://www.ssfshop.com/BEANPOLE/GQ7T24090914169/good,,,,,,
https://www.ssfshop.com/BEANPOLE/GM0024080580375/good,,,,,,
https://www.ssfshop.com/BEANPOLE/GQ6424070558094/good,,,,,,
https://www.ssfshop.com/BEANPOLE/GM0024061196800/good,,,,,,
https://www.ssfshop.com/BEANPOLE/GM0024070863319/good,,,,,,
https://www.ssfshop.com/BEANPOLE/GM0024061316396/good,,,,,,
https://www.ssfshop.com/BEANPOLE/GM0024062710244/good,,,,,,
https://www.ssfshop.com/BEANPOLE/GM0024072523774/good,,,,,,
https://www.ssfshop.com/BEANPOLE/GM0024060445419/good,,,,,,
https://www.ssfshop.com/BEANPOLE/GM0024051643973/good,,,,,,
https://www.ssfshop.com/BEANPOLE/GM0024070544151/good,,,,,,
https://www.ssfshop.com/BEANPOLE/GM0024081645097/good,,,,,,
https://www.ssfshop.com/BEANPOLE/GM0024052165047/good,,,,,,
https://www.ssfshop.com/BEANPOLE/GM0024060340545/good,,,,,,
https://www.ssfshop.com/BEANPOLE/GM0024080694715/good,,,,,,
https://www.ssfshop.com/BEANPOLE/GM0024080921532/good,,,,,,
https://www.ssfshop.com/BEANPOLE/GM0024071289235/good,,,,,,
https://www.ssfshop.com/BEANPOLE/GM0024070411703/good,,,,,,
https://www.ssfshop.com/BEANPOLE/GM0024062713582/good,,,,,,
https://www.ssfshop.com/BEANPOLE/GM0024080703590/good,,,,,,
https://www.ssfshop.com/BEANPOLE/GM0024052165045/good,,,,,,
https://www.ssfshop.com/BEANPOLE/GM0024051643972/good,,,,,,
https://www.ssfshop.com/BEANPOLE/GM0024090543832/good,,,,,,
https://www.ssfshop.com/BEANPOLE/GM0024073048774/good,,,,,,
https://www.ssfshop.com/BEANPOLE/GQ9Z24092432995/good,,,,,,
https://www.ssfshop.com/BEANPOLE/GM0024083093321/good,,,,,,
https://www.ssfshop.com/BEANPOLE/GQ6424070558092/good,,,,,,
https://www.ssfshop.com/BEANPOLE/GM0024072398976/good,,,,,,
https://www.ssfshop.com/BEANPOLE/GM0024070247773/good,,,,,,
https://www.ssfshop.com/BEANPOLE/GM0024081241197/good,,,,,,
https://www.ssfshop.com/BEANPOLE/GM0024080583709/good,,,,,,
https://www.ssfshop.com/BEANPOLE/GM0024082777977/good,,,,,,
https://www.ssfshop.com/BEANPOLE/GM0024083097166/good,,,,,,
https://www.ssfshop.com/BEANPOLE/GM0024082234118/good,,,,,,
https://www.ssfshop.com/BEANPOLE/GM0024072288845/good,,,,,,
https://www.ssfshop.com/BEANPOLE/GM0024072408625/good,,,,,,
https://www.ssfshop.com/BEANPOLE/GM0024070136974/good,,,,,,
https://www.ssfshop.com/BEANPOLE/GM0024070411694/good,,,,,,
https://www.ssfshop.com/BEANPOLE/GM0024061205732/good,,,,,,
https://www.ssfshop.com/BEANPOLE/GM0024061834263/good,,,,,,
https://www.ssfshop.com/BEANPOLE/GM0024071072533/good,,,,,,
https://www.ssfshop.com/BEANPOLE/GQ6M24081140194/good,,,,,,
https://www.ssfshop.com/BEANPOLE/GM0024080873180/good,,,,,,
https://www.ssfshop.com/BEANPOLE/GM0024072408624/good,,,,,,
https://www.ssfshop.com/BEANPOLE/GQ7T24081382131/good,,,,,,
https://www.ssfshop.com/BEANPOLE/GQLA24082001020/good,,,,,,
https://www.ssfshop.com/BEANPOLE/GM0024090409105/good,,,,,,
https://www.ssfshop.com/BEANPOLE/GPCX24081657487/good,,,,,,
https://www.ssfshop.com/BEANPOLE/GPD124090670890/good,,,,,,
https://www.ssfshop.com/BEANPOLE/GM0024081982651/good,,,,,,
https://www.ssfshop.com/BEANPOLE/GM0024081982650/good,,,,,,
https://www.ssfshop.com/BEANPOLE/GRBD24081980763/good,,,,,,
https://www.ssfshop.com/BEANPOLE/GQ0Z24082845039/good,,,,,,
https://www.ssfshop.com/BEANPOLE/GM0024082777982/good,,,,,,
https://www.ssfshop.com/BEANPOLE/GM0024090410242/good,,,,,,
https://www.ssfshop.com/BEANPOLE/GM0024090407997/good,,,,,,
https://www.ssfshop.com/BEANPOLE/GM0024070863541/good,,,,,,
https://www.ssfshop.com/BEANPOLE/GM0024072523772/good,,,,,,
https://www.ssfshop.com/BEANPOLE/GQ7T24081381669/good,,,,,,
https://www.ssfshop.com/BEANPOLE/GM0024080170821/good,,,,,,
https://www.ssfshop.com/BEANPOLE/GM0024061727484/good,,,,,,
https://www.ssfshop.com/BEANPOLE/GRBD24081980716/good,,,,,,
https://www.ssfshop.com/BEANPOLE/GM0024082788342/good,,,,,,
https://www.ssfshop.com/BEANPOLE/GM0024071865357/good,,,,,,
https://www.ssfshop.com/BEANPOLE/GQLA24031302498/good,,,,,,
https://www.ssfshop.com/BEANPOLE/GM0024070136973/good,,,,,,
https://www.ssfshop.com/BEANPOLE/GM0024071186030/good,,,,,,
https://www.ssfshop.com/BEANPOLE/GM0024083004023/good,,,,,,
https://www.ssfshop.com/BEANPOLE/GQ0Z24082845046/good,,,,,,
https://www.ssfshop.com/BEANPOLE/GM0024070139955/good,,,,,,
https://www.ssfshop.com/BEANPOLE/GM0024081260716/good,,,,,,
https://www.ssfshop.com/BEANPOLE/GM0024080580508/good,,,,,,
https://www.ssfshop.com/BEANPOLE/GM0024061419542/good,,,,,,
https://www.ssfshop.com/BEANPOLE/GQ0Z24090683110/good,,,,,,
https://www.ssfshop.com/BEANPOLE/GM0024061729312/good,,,,,,
https://www.ssfshop.com/BEANPOLE/GQ7T24090246415/good,,,,,,
https://www.ssfshop.com/BEANPOLE/GM0024061419541/good,,,,,,
https://www.ssfshop.com/BEANPOLE/GM0024062710243/good,,,,,,
https://www.ssfshop.com/BEANPOLE/GM0024082234107/good,,,,,,
https://www.ssfshop.com/BEANPOLE/GM0024082641998/good,,,,,,
https://www.ssfshop.com/BEANPOLE/GQ0Z24082845041/good,,,,,,
https://www.ssfshop.com/BEANPOLE/GM0024061834264/good,,,,,,
https://www.ssfshop.com/BEANPOLE/GM0024083095723/good,,,,,,
https://www.ssfshop.com/BEANPOLE/GM0024071186033/good,,,,,,
https://www.ssfshop.com/BEANPOLE/GM0024071750201/good,,,,,,
https://www.ssfshop.com/BEANPOLE/GQ7T24080581739/good,,,,,,
https://www.ssfshop.com/BEANPOLE/GQJ924080932843/good,,,,,,
https://www.ssfshop.com/BEANPOLE/GM0024082234917/good,,,,,,
https://www.ssfshop.com/BEANPOLE/GQ6M24081377988/good,,,,,,
https://www.ssfshop.com/BEANPOLE/GM0024072409101/good,,,,,,
https://www.ssfshop.com/BEANPOLE/GM0024061315536/good,,,,,,
https://www.ssfshop.com/BEANPOLE/GPD224080868423/good,,,,,,
https://www.ssfshop.com/BEANPOLE/GM0024070247779/good,,,,,,
https://www.ssfshop.com/BEANPOLE/GQ0Z24090683136/good,,,,,,
https://www.ssfshop.com/BEANPOLE/GM0024083097167/good,,,,,,
https://www.ssfshop.com/BEANPOLE/GM0024072523785/good,,,,,,
https://www.ssfshop.com/BEANPOLE/GM0024083095721/good,,,,,,
https://www.ssfshop.com/BEANPOLE/GM0024070367838/good,,,,,,
https://www.ssfshop.com/BEANPOLE/GM0024091327579/good,,,,,,
https://www.ssfshop.com/BEANPOLE/GPD124090551669/good,,,,,,
https://www.ssfshop.com/BEANPOLE/GM0024082963972/good,,,,,,
https://www.ssfshop.com/BEANPOLE/GM0023092272991/good,,,,,,
https://www.ssfshop.com/BEANPOLE/GM0024080580275/good,,,,,,
https://www.ssfshop.com/BEANPOLE/GRBD24081980640/good,,,,,,
https://www.ssfshop.com/BEANPOLE/GM0024071186032/good,,,,,,
https://www.ssfshop.com/BEANPOLE/GM0024070136975/good,,,,,,
https://www.ssfshop.com/BEANPOLE/GQ0Z24070253094/good,,,,,,
https://www.ssfshop.com/BEANPOLE/GM0024061836493/good,,,,,,
https://www.ssfshop.com/BEANPOLE/GM0024082641996/good,,,,,,
https://www.ssfshop.com/BEANPOLE/GM0024081427707/good,,,,,,
https://www.ssfshop.com/BEANPOLE/GQK524072522313/good,,,,,,
https://www.ssfshop.com/BEANPOLE/GM0024061836197/good,,,,,,
https://www.ssfshop.com/BEANPOLE/GQHV24090245746/good,,,,,,
https://www.ssfshop.com/BEANPOLE/GM0024081967414/good,,,,,,
https://www.ssfshop.com/BEANPOLE/GPD224080868624/good,,,,,,
https://www.ssfshop.com/BEANPOLE/GM0024070968506/good,,,,,,
https://www.ssfshop.com/BEANPOLE/GM0024061315534/good,,,,,,
https://www.ssfshop.com/BEANPOLE/GM0024071186009/good,,,,,,
https://www.ssfshop.com/BEANPOLE/GM0024080170731/good,,,,,,
https://www.ssfshop.com/BEANPOLE/GPD224080867859/good,,,,,,
https://www.ssfshop.com/BEANPOLE/GRBD24081980366/good,,,,,,
https://www.ssfshop.com/BEANPOLE/GM0024072523773/good,,,,,,
https://www.ssfshop.com/BEANPOLE/GM0024080170768/good,,,,,,
https://www.ssfshop.com/BEANPOLE/GM0024062599153/good,,,,,,
https://www.ssfshop.com/BEANPOLE/GM0024070863322/good,,,,,,
https://www.ssfshop.com/BEANPOLE/GQRK24081390013/good,,,,,,
https://www.ssfshop.com/BEANPOLE/GPD224080868075/good,,,,,,
https://www.ssfshop.com/BEANPOLE/GQ0Z24081413386/good,,,,,,
https://www.ssfshop.com/BEANPOLE/GQ0Z24080169886/good,,,,,,
https://www.ssfshop.com/BEANPOLE/GM0024071750175/good,,,,,,
https://www.ssfshop.com/BEANPOLE/GM0024082114972/good,,,,,,
https://www.ssfshop.com/BEANPOLE/GM0024090906432/good,,,,,,
https://www.ssfshop.com/BEANPOLE/GM0024081241155/good,,,,,,
https://www.ssfshop.com/BEANPOLE/GQ0Z24070252980/good,,,,,,
https://www.ssfshop.com/BEANPOLE/GRBD24081980507/good,,,,,,
https://www.ssfshop.com/BEANPOLE/GM0024080580279/good,,,,,,
https://www.ssfshop.com/BEANPOLE/GR1C24082705112/good,,,,,,
https://www.ssfshop.com/BEANPOLE/GQ0Z24070252819/good,,,,,,
https://www.ssfshop.com/BEANPOLE/GM0024071748717/good,,,,,,
https://www.ssfshop.com/BEANPOLE/GM0024061727530/good,,,,,,
https://www.ssfshop.com/BEANPOLE/GM0024082341163/good,,,,,,
https://www.ssfshop.com/BEANPOLE/GPD224062831859/good,,,,,,
https://www.ssfshop.com/BEANPOLE/GM0024080170767/good,,,,,,
https://www.ssfshop.com/BEANPOLE/GPG724090411589/good,,,,,,
https://www.ssfshop.com/BEANPOLE/GQKO24031305859/good,,,,,,
https://www.ssfshop.com/BEANPOLE/GM0024080580367/good,,,,,,
https://www.ssfshop.com/BEANPOLE/GM0024072398996/good,,,,,,
https://www.ssfshop.com/BEANPOLE/GQ2N24073051741/good,,,,,,
https://www.ssfshop.com/BEANPOLE/GPG724090411576/good,,,,,,
https://www.ssfshop.com/BEANPOLE/GM0024060546784/good,,,,,,
https://www.ssfshop.com/BEANPOLE/GQ0Z24090415597/good,,,,,,
https://www.ssfshop.com/BEANPOLE/GM0024071750226/good,,,,,,
https://www.ssfshop.com/BEANPOLE/GQ0Z24090916680/good,,,,,,
https://www.ssfshop.com/BEANPOLE/GQ0Z24081649345/good,,,,,,
https://www.ssfshop.com/BEANPOLE/GM0024082835038/good,,,,,,
https://www.ssfshop.com/BEANPOLE/GM0024061196795/good,,,,,,
https://www.ssfshop.com/BEANPOLE/GQ2N24082230296/good,,,,,,
https://www.ssfshop.com/BEANPOLE/GM0024061315522/good,,,,,,
https://www.ssfshop.com/BEANPOLE/GM0024083098741/good,,,,,,
https://www.ssfshop.com/BEANPOLE/GPG724091195863/good,,,,,,
https://www.ssfshop.com/BEANPOLE/GPG724091195861/good,,,,,,
https://www.ssfshop.com/BEANPOLE/GQ0Z24070253030/good,,,,,,
https://www.ssfshop.com/BEANPOLE/GM0024061727529/good,,,,,,
https://www.ssfshop.com/BEANPOLE/GM0024090381304/good,,,,,,
https://www.ssfshop.com/BEANPOLE/GPG724091195865/good,,,,,,
https://www.ssfshop.com/BEANPOLE/GM0024062599126/good,,,,,,
https://www.ssfshop.com/BEANPOLE/GM0024082835041/good,,,,,,
https://www.ssfshop.com/BEANPOLE/GQ2N24091216811/good,,,,,,
https://www.ssfshop.com/BEANPOLE/GRBD24081980792/good,,,,,,
https://www.ssfshop.com/BEANPOLE/GM0024082835050/good,,,,,,
https://www.ssfshop.com/BEANPOLE/GQ0Z24090415646/good,,,,,,
https://www.ssfshop.com/BEANPOLE/GM0024062599123/good,,,,,,
https://www.ssfshop.com/BEANPOLE/GM0024081377002/good,,,,,,
https://www.ssfshop.com/BEANPOLE/GM0024081260714/good,,,,,,
https://www.ssfshop.com/BEANPOLE/GM0024070863326/good,,,,,,
https://www.ssfshop.com/BEANPOLE/GPXG24091211399/good,,,,,,
https://www.ssfshop.com/BEANPOLE/GQ2N24073051753/good,,,,,,
https://www.ssfshop.com/BEANPOLE/GM0024081240981/good,,,,,,
https://www.ssfshop.com/BEANPOLE/GPD224083004446/good,,,,,,
https://www.ssfshop.com/BEANPOLE/GM0024071289232/good,,,,,,
https://www.ssfshop.com/BEANPOLE/GQ0Z24070253004/good,,,,,,
https://www.ssfshop.com/BEANPOLE/GM0024080923475/good,,,,,,
https://www.ssfshop.com/BEANPOLE/GM0024081649377/good,,,,,,
https://www.ssfshop.com/BEANPOLE/GQHV24091981886/good,,,,,,
https://www.ssfshop.com/BEANPOLE/GM0024082640038/good,,,,,,
https://www.ssfshop.com/BEANPOLE/GM0024081427703/good,,,,,,
https://www.ssfshop.com/BEANPOLE/GM0024092311910/good,,,,,,
https://www.ssfshop.com/BEANPOLE/GM0024071289326/good,,,,,,
https://www.ssfshop.com/BEANPOLE/GM0024070967070/good,,,,,,
https://www.ssfshop.com/BEANPOLE/GQ0Z24073158642/good,,,,,,
https://www.ssfshop.com/BEANPOLE/GQ6424092091027/good,,,,,,
https://www.ssfshop.com/BEANPOLE/GPG724091210667/good,,,,,,
https://www.ssfshop.com/BEANPOLE/GM0024062063171/good,,,,,,
https://www.ssfshop.com/BEANPOLE/GM0024072287121/good,,,,,,
https://www.ssfshop.com/BEANPOLE/GM0024070139953/good,,,,,,
https://www.ssfshop.com/BEANPOLE/GM0024072409097/good,,,,,,
https://www.ssfshop.com/BEANPOLE/GM0024082116015/good,,,,,,
https://www.ssfshop.com/BEANPOLE/GM0024070367834/good,,,,,,
https://www.ssfshop.com/BEANPOLE/GM0024080697042/good,,,,,,
https://www.ssfshop.com/BEANPOLE/GM0024070968504/good,,,,,,
https://www.ssfshop.com/BEANPOLE/GM0024081421350/good,,,,,,
https://www.ssfshop.com/BEANPOLE/GRBD24081980263/good,,,,,,
https://www.ssfshop.com/BEANPOLE/GQHHD24082354748/good,,,,,,
https://www.ssfshop.com/BEANPOLE/GM0024082777979/good,,,,,,
https://www.ssfshop.com/BEANPOLE/GM0024082834677/good,,,,,,
https://www.ssfshop.com/BEANPOLE/GM0024080580373/good,,,,,,
https://www.ssfshop.com/BEANPOLE/GM0024072409114/good,,,,,,
https://www.ssfshop.com/BEANPOLE/GM0024071289236/good,,,,,,
https://www.ssfshop.com/BEANPOLE/GM0024070136980/good,,,,,,
https://www.ssfshop.com/BEANPOLE/GM0024081377863/good,,,,,,
https://www.ssfshop.com/BEANPOLE/GRAW24072523451/good,,,,,,
https://www.ssfshop.com/BEANPOLE/GM0024072938645/good,,,,,,
https://www.ssfshop.com/BEANPOLE/GM0024090679088/good,,,,,,
https://www.ssfshop.com/BEANPOLE/GQLA24092096665/good,,,,,,
https://www.ssfshop.com/BEANPOLE/GM0024071186031/good,,,,,,
https://www.ssfshop.com/BEANPOLE/GM0024082348992/good,,,,,,
https://www.ssfshop.com/BEANPOLE/GQLA24091328156/good,,,,,,
https://www.ssfshop.com/BEANPOLE/GQJ924073051702/good,,,,,,
https://www.ssfshop.com/BEANPOLE/GQHHD24082832442/good,,,,,,
https://www.ssfshop.com/BEANPOLE/GM0024071525759/good,,,,,,
https://www.ssfshop.com/BEANPOLE/GQ6424082093964/good,,,,,,
https://www.ssfshop.com/BEANPOLE/GM0024062710241/good,,,,,,
https://www.ssfshop.com/BEANPOLE/GM0024062063604/good,,,,,,
https://www.ssfshop.com/BEANPOLE/GM0024072287088/good,,,,,,
https://www.ssfshop.com/BEANPOLE/GQRH24060549952/good,,,,,,
https://www.ssfshop.com/BEANPOLE/GRBD24081980489/good,,,,,,
https://www.ssfshop.com/BEANPOLE/GRBD24081980798/good,,,,,,
https://www.ssfshop.com/BEANPOLE/GM0024072398974/good,,,,,,
https://www.ssfshop.com/BEANPOLE/GM0024080168505/good,,,,,,
https://www.ssfshop.com/BEANPOLE/GRBD24081980823/good,,,,,,
https://www.ssfshop.com/BEANPOLE/GP5324091216698/good,,,,,,
https://www.ssfshop.com/BEANPOLE/GQ0Z24073158639/good,,,,,,
https://www.ssfshop.com/BEANPOLE/GM0024081240980/good,,,,,,
https://www.ssfshop.com/BEANPOLE/GQ3F24083000965/good,,,,,,
https://www.ssfshop.com/BEANPOLE/GM0024071750209/good,,,,,,
https://www.ssfshop.com/BEANPOLE/GM0024062488526/good,,,,,,
https://www.ssfshop.com/BEANPOLE/GM0024072938647/good,,,,,,
https://www.ssfshop.com/BEANPOLE/GPE624051332775/good,,,,,,
https://www.ssfshop.com/BEANPOLE/GPD224012481774/good,,,,,,
https://www.ssfshop.com/BEANPOLE/GM0024082963974/good,,,,,,
https://www.ssfshop.com/BEANPOLE/GM0024081982649/good,,,,,,
https://www.ssfshop.com/BEANPOLE/GPE624081426043/good,,,,,,
https://www.ssfshop.com/BEANPOLE/GM0024061727483/good,,,,,,
https://www.ssfshop.com/BEANPOLE/GM0024042692181/good,,,,,,
https://www.ssfshop.com/BEANPOLE/GM0024061205725/good,,,,,,
https://www.ssfshop.com/BEANPOLE/GQHHC24090416562/good,,,,,,
https://www.ssfshop.com/BEANPOLE/GQHHD24090238772/good,,,,,,
https://www.ssfshop.com/BEANPOLE/GRBD24081980600/good,,,,,,
https://www.ssfshop.com/BEANPOLE/GQX524082779136/good,,,,,,
https://www.ssfshop.com/BEANPOLE/GR9124082976009/good,,,,,,
https://www.ssfshop.com/BEANPOLE/GQ7T24090246416/good,,,,,,
https://www.ssfshop.com/BEANPOLE/GM0024061727527/good,,,,,,
https://www.ssfshop.com/BEANPOLE/GQ6424082343411/good,,,,,,
https://www.ssfshop.com/BEANPOLE/GQHHD24082832436/good,,,,,,
https://www.ssfshop.com/BEANPOLE/GQLA24092431830/good,,,,,,
https://www.ssfshop.com/BEANPOLE/GM0024070137229/good,,,,,,
https://www.ssfshop.com/BEANPOLE/GM0024071750228/good,,,,,,
https://www.ssfshop.com/BEANPOLE/GM0024081377000/good,,,,,,
https://www.ssfshop.com/BEANPOLE/GR9N24082093603/good,,,,,,
https://www.ssfshop.com/BEANPOLE/GQLQ24083096998/good,,,,,,
https://www.ssfshop.com/BEANPOLE/GPE624051332760/good,,,,,,
https://www.ssfshop.com/BEANPOLE/GM0024080864880/good,,,,,,
https://www.ssfshop.com/BEANPOLE/GM0024061087321/good,,,,,,
