https://www.ssfshop.com/BEANPOLE/GM0024070970575/good,,,,,,´ÏÆ®
https://www.ssfshop.com/BEANPOLE/GM0024073157916/good,,,,,,
https://www.ssfshop.com/BEANPOLE/GM0024061206761/good,,,,,,
https://www.ssfshop.com/BEANPOLE/GM0024073048920/good,,,,,,
https://www.ssfshop.com/BEANPOLE/GM0024072521653/good,,,,,,
https://www.ssfshop.com/BEANPOLE/GM0024061206763/good,,,,,,
https://www.ssfshop.com/BEANPOLE/GM0024071638843/good,,,,,,
https://www.ssfshop.com/BEANPOLE/GM0024080934160/good,,,,,,
https://www.ssfshop.com/BEANPOLE/GPSO24080600832/good,,,,,,
https://www.ssfshop.com/BEANPOLE/GM0024081381665/good,,,,,,
https://www.ssfshop.com/BEANPOLE/GP2N24072287187/good,,,,,,
https://www.ssfshop.com/BEANPOLE/GM0024080930634/good,,,,,,
https://www.ssfshop.com/BEANPOLE/GP2N24080703517/good,,,,,,
https://www.ssfshop.com/BEANPOLE/GM0024070970591/good,,,,,,
https://www.ssfshop.com/BEANPOLE/GM0024070970576/good,,,,,,
https://www.ssfshop.com/BEANPOLE/GM0024081642880/good,,,,,,
https://www.ssfshop.com/BEANPOLE/GM0024021948279/good,,,,,,
https://www.ssfshop.com/BEANPOLE/GM0024082115010/good,,,,,,
https://www.ssfshop.com/BEANPOLE/GM0024081970720/good,,,,,,
https://www.ssfshop.com/BEANPOLE/GM0024072407800/good,,,,,,
https://www.ssfshop.com/BEANPOLE/GM0024081640936/good,,,,,,
https://www.ssfshop.com/BEANPOLE/GM0024071289548/good,,,,,,
https://www.ssfshop.com/BEANPOLE/GPSO24072290004/good,,,,,,
https://www.ssfshop.com/BEANPOLE/GM0024082835084/good,,,,,,
https://www.ssfshop.com/BEANPOLE/GM0024081381660/good,,,,,,
https://www.ssfshop.com/BEANPOLE/GM0024070970597/good,,,,,,
https://www.ssfshop.com/BEANPOLE/GQ2N24080583497/good,,,,,,
https://www.ssfshop.com/BEANPOLE/GM0024082833315/good,,,,,,
https://www.ssfshop.com/BEANPOLE/GM0024071638844/good,,,,,,
https://www.ssfshop.com/BEANPOLE/GM0024072407799/good,,,,,,
https://www.ssfshop.com/BEANPOLE/GM0024090381288/good,,,,,,
https://www.ssfshop.com/BEANPOLE/GQ2N24071639890/good,,,,,,
https://www.ssfshop.com/BEANPOLE/GM0024082224457/good,,,,,,
https://www.ssfshop.com/BEANPOLE/GM0024073157919/good,,,,,,
https://www.ssfshop.com/BEANPOLE/GQ2N24080583454/good,,,,,,
https://www.ssfshop.com/BEANPOLE/GP2N24072939465/good,,,,,,
https://www.ssfshop.com/BEANPOLE/GM0024071865204/good,,,,,,
https://www.ssfshop.com/BEANPOLE/GM0024071289541/good,,,,,,
https://www.ssfshop.com/BEANPOLE/GPSO24072939329/good,,,,,,
https://www.ssfshop.com/BEANPOLE/GM0024072521650/good,,,,,,
https://www.ssfshop.com/BEANPOLE/GM0024071866807/good,,,,,,
https://www.ssfshop.com/BEANPOLE/GM0024082833316/good,,,,,,
https://www.ssfshop.com/BEANPOLE/GM0024081381667/good,,,,,,
https://www.ssfshop.com/BEANPOLE/GM0024070970590/good,,,,,,
https://www.ssfshop.com/BEANPOLE/GM0024080934184/good,,,,,,
https://www.ssfshop.com/BEANPOLE/GQ2N24071971508/good,,,,,,
https://www.ssfshop.com/BEANPOLE/GM0024080170971/good,,,,,,
https://www.ssfshop.com/BEANPOLE/GM0024080706053/good,,,,,,
https://www.ssfshop.com/BEANPOLE/GM0024080170969/good,,,,,,
https://www.ssfshop.com/BEANPOLE/GM0024073048921/good,,,,,,
https://www.ssfshop.com/BEANPOLE/GM0024070970577/good,,,,,,
https://www.ssfshop.com/BEANPOLE/GM0023061426793/good,,,,,,
https://www.ssfshop.com/BEANPOLE/GM0024080167699/good,,,,,,
https://www.ssfshop.com/BEANPOLE/GM0024080930631/good,,,,,,
https://www.ssfshop.com/BEANPOLE/GM0024082792717/good,,,,,,
https://www.ssfshop.com/BEANPOLE/GM0024081381668/good,,,,,,
https://www.ssfshop.com/BEANPOLE/GM0024082835087/good,,,,,,
https://www.ssfshop.com/BEANPOLE/GM0024091327282/good,,,,,,
https://www.ssfshop.com/BEANPOLE/GM0024080930628/good,,,,,,
https://www.ssfshop.com/BEANPOLE/GM0024071289547/good,,,,,,
https://www.ssfshop.com/BEANPOLE/GM0024051751459/good,,,,,,
https://www.ssfshop.com/BEANPOLE/GM0024071289542/good,,,,,,
https://www.ssfshop.com/BEANPOLE/GQSU24090678813/good,,,,,,
https://www.ssfshop.com/BEANPOLE/GP2N23080205480/good,,,,,,
https://www.ssfshop.com/BEANPOLE/GM0024082115015/good,,,,,,
https://www.ssfshop.com/BEANPOLE/GQ2N24071971501/good,,,,,,
https://www.ssfshop.com/BEANPOLE/GM0024082093070/good,,,,,,
https://www.ssfshop.com/BEANPOLE/GM0024072937192/good,,,,,,
https://www.ssfshop.com/BEANPOLE/GM0024072521649/good,,,,,,
https://www.ssfshop.com/BEANPOLE/GQ2N24080583484/good,,,,,,
https://www.ssfshop.com/BEANPOLE/GM0024073157917/good,,,,,,
https://www.ssfshop.com/BEANPOLE/GM0024081967687/good,,,,,,
https://www.ssfshop.com/BEANPOLE/GM0024070970596/good,,,,,,
https://www.ssfshop.com/BEANPOLE/GM0024070970584/good,,,,,,
https://www.ssfshop.com/BEANPOLE/GM0024073048869/good,,,,,,
https://www.ssfshop.com/BEANPOLE/GM0024070863298/good,,,,,,
https://www.ssfshop.com/BEANPOLE/GM0024072522886/good,,,,,,
https://www.ssfshop.com/BEANPOLE/GM0024071866809/good,,,,,,
https://www.ssfshop.com/BEANPOLE/GM0024073158290/good,,,,,,
https://www.ssfshop.com/BEANPOLE/GM0024082341419/good,,,,,,
https://www.ssfshop.com/BEANPOLE/GM0024072937213/good,,,,,,
https://www.ssfshop.com/BEANPOLE/GPSO24081258610/good,,,,,,
https://www.ssfshop.com/BEANPOLE/GM0024073158332/good,,,,,,
https://www.ssfshop.com/BEANPOLE/GM0024080272280/good,,,,,,
https://www.ssfshop.com/BEANPOLE/GM0024071969923/good,,,,,,
https://www.ssfshop.com/BEANPOLE/GM0024072523669/good,,,,,,
https://www.ssfshop.com/BEANPOLE/GM0024081970722/good,,,,,,
https://www.ssfshop.com/BEANPOLE/GM0024080930633/good,,,,,,
https://www.ssfshop.com/BEANPOLE/GQ2N24073051770/good,,,,,,
https://www.ssfshop.com/BEANPOLE/GM0024073157913/good,,,,,,
https://www.ssfshop.com/BEANPOLE/GM0024081968901/good,,,,,,
https://www.ssfshop.com/BEANPOLE/GR1X24091974852/good,,,,,,
https://www.ssfshop.com/BEANPOLE/GM0024071638869/good,,,,,,
https://www.ssfshop.com/BEANPOLE/GM0024071865206/good,,,,,,
https://www.ssfshop.com/BEANPOLE/GM0024090379070/good,,,,,,
https://www.ssfshop.com/BEANPOLE/GM0024071072553/good,,,,,,
https://www.ssfshop.com/BEANPOLE/GM0024090682414/good,,,,,,
https://www.ssfshop.com/BEANPOLE/GR1X24062596981/good,,,,,,
https://www.ssfshop.com/BEANPOLE/GM0024080170970/good,,,,,,
https://www.ssfshop.com/BEANPOLE/GM0024071864487/good,,,,,,
https://www.ssfshop.com/BEANPOLE/GR3A24082343381/good,,,,,,
https://www.ssfshop.com/BEANPOLE/GM0024073157915/good,,,,,,
https://www.ssfshop.com/BEANPOLE/GM0024082835086/good,,,,,,
https://www.ssfshop.com/BEANPOLE/GM0024082792721/good,,,,,,
https://www.ssfshop.com/BEANPOLE/GM0024082833314/good,,,,,,
https://www.ssfshop.com/BEANPOLE/GM0024081971745/good,,,,,,
https://www.ssfshop.com/BEANPOLE/GM0024080706055/good,,,,,,
https://www.ssfshop.com/BEANPOLE/GM0024080580196/good,,,,,,
https://www.ssfshop.com/BEANPOLE/GM0024081644291/good,,,,,,
https://www.ssfshop.com/BEANPOLE/GM0024061834285/good,,,,,,
https://www.ssfshop.com/BEANPOLE/GM0024081642876/good,,,,,,
https://www.ssfshop.com/BEANPOLE/GM0024073048870/good,,,,,,
https://www.ssfshop.com/BEANPOLE/GM0024082096474/good,,,,,,
https://www.ssfshop.com/BEANPOLE/GM0024071866808/good,,,,,,
https://www.ssfshop.com/BEANPOLE/GM0024081971746/good,,,,,,
https://www.ssfshop.com/BEANPOLE/GM0024062606883/good,,,,,,
https://www.ssfshop.com/BEANPOLE/GM0024082792719/good,,,,,,
https://www.ssfshop.com/BEANPOLE/GM0024081381659/good,,,,,,
https://www.ssfshop.com/BEANPOLE/GM0024070367439/good,,,,,,
https://www.ssfshop.com/BEANPOLE/GM0024090381292/good,,,,,,
https://www.ssfshop.com/BEANPOLE/GM0024072521654/good,,,,,,
https://www.ssfshop.com/BEANPOLE/GM0024080703063/good,,,,,,
https://www.ssfshop.com/BEANPOLE/GM0024052700347/good,,,,,,
https://www.ssfshop.com/BEANPOLE/GM0024070970592/good,,,,,,
https://www.ssfshop.com/BEANPOLE/GM0024082642119/good,,,,,,
https://www.ssfshop.com/BEANPOLE/GP2N24080703527/good,,,,,,
https://www.ssfshop.com/BEANPOLE/GM0024081381664/good,,,,,,
https://www.ssfshop.com/BEANPOLE/GQ2N24080698644/good,,,,,,
https://www.ssfshop.com/BEANPOLE/GM0024082835077/good,,,,,,
https://www.ssfshop.com/BEANPOLE/GPCK24082774870/good,,,,,,
https://www.ssfshop.com/BEANPOLE/GP2N24072287185/good,,,,,,
https://www.ssfshop.com/BEANPOLE/GM0024062606885/good,,,,,,
https://www.ssfshop.com/BEANPOLE/GM0024070367438/good,,,,,,
https://www.ssfshop.com/BEANPOLE/GM0024082792718/good,,,,,,
https://www.ssfshop.com/BEANPOLE/GM0024082096472/good,,,,,,
https://www.ssfshop.com/BEANPOLE/GM0024081967691/good,,,,,,
https://www.ssfshop.com/BEANPOLE/GM0024071865203/good,,,,,,
https://www.ssfshop.com/BEANPOLE/GM0024082115013/good,,,,,,
https://www.ssfshop.com/BEANPOLE/GM0024072287413/good,,,,,,
https://www.ssfshop.com/BEANPOLE/GM0024082835085/good,,,,,,
https://www.ssfshop.com/BEANPOLE/GM0024070367433/good,,,,,,
https://www.ssfshop.com/BEANPOLE/GM0024082115011/good,,,,,,
https://www.ssfshop.com/BEANPOLE/GM0024070970582/good,,,,,,
https://www.ssfshop.com/BEANPOLE/GM0024082835075/good,,,,,,
https://www.ssfshop.com/BEANPOLE/GM0024082341198/good,,,,,,
https://www.ssfshop.com/BEANPOLE/GM0024082835079/good,,,,,,
https://www.ssfshop.com/BEANPOLE/GM0024082224462/good,,,,,,
https://www.ssfshop.com/BEANPOLE/GM0024090543130/good,,,,,,
https://www.ssfshop.com/BEANPOLE/GQ2N24080583470/good,,,,,,
https://www.ssfshop.com/BEANPOLE/GM0024061197708/good,,,,,,
https://www.ssfshop.com/BEANPOLE/GM0024082096471/good,,,,,,
https://www.ssfshop.com/BEANPOLE/GM0024081976683/good,,,,,,
https://www.ssfshop.com/BEANPOLE/GM0024082224461/good,,,,,,
https://www.ssfshop.com/BEANPOLE/GQ2N24081388835/good,,,,,,
https://www.ssfshop.com/BEANPOLE/GM0024070970594/good,,,,,,
https://www.ssfshop.com/BEANPOLE/GM0024070970598/good,,,,,,
https://www.ssfshop.com/BEANPOLE/GM0024060550217/good,,,,,,
https://www.ssfshop.com/BEANPOLE/GM0024080703061/good,,,,,,
https://www.ssfshop.com/BEANPOLE/GM0024072287402/good,,,,,,
https://www.ssfshop.com/BEANPOLE/GM0024071866810/good,,,,,,
https://www.ssfshop.com/BEANPOLE/GM0024071289543/good,,,,,,
https://www.ssfshop.com/BEANPOLE/GPCK24082774865/good,,,,,,
https://www.ssfshop.com/BEANPOLE/GM0024082096464/good,,,,,,
https://www.ssfshop.com/BEANPOLE/GM0024090241536/good,,,,,,
https://www.ssfshop.com/BEANPOLE/GM0024070138179/good,,,,,,
https://www.ssfshop.com/BEANPOLE/GM0024090547269/good,,,,,,
https://www.ssfshop.com/BEANPOLE/GM0024090381290/good,,,,,,
https://www.ssfshop.com/BEANPOLE/GM0024081249520/good,,,,,,
https://www.ssfshop.com/BEANPOLE/GM0024081381662/good,,,,,,
https://www.ssfshop.com/BEANPOLE/GM0024072287075/good,,,,,,
https://www.ssfshop.com/BEANPOLE/GR1X24081393160/good,,,,,,
https://www.ssfshop.com/BEANPOLE/GM0024082222346/good,,,,,,
https://www.ssfshop.com/BEANPOLE/GM0024070970579/good,,,,,,
https://www.ssfshop.com/BEANPOLE/GM0024081982613/good,,,,,,
https://www.ssfshop.com/BEANPOLE/GM0024090682411/good,,,,,,
https://www.ssfshop.com/BEANPOLE/GM0024070970578/good,,,,,,
https://www.ssfshop.com/BEANPOLE/GR1X24081393266/good,,,,,,
https://www.ssfshop.com/BEANPOLE/GM0024083094176/good,,,,,,
https://www.ssfshop.com/BEANPOLE/GM0024071525923/good,,,,,,
https://www.ssfshop.com/BEANPOLE/GM0024071289538/good,,,,,,
https://www.ssfshop.com/BEANPOLE/GM0024071289550/good,,,,,,
https://www.ssfshop.com/BEANPOLE/GM0024082224464/good,,,,,,
https://www.ssfshop.com/BEANPOLE/GM0024071865205/good,,,,,,
https://www.ssfshop.com/BEANPOLE/GM0024082835088/good,,,,,,
https://www.ssfshop.com/BEANPOLE/GM0024061834284/good,,,,,,
https://www.ssfshop.com/BEANPOLE/GM0024071864503/good,,,,,,
https://www.ssfshop.com/BEANPOLE/GM0024071525922/good,,,,,,
https://www.ssfshop.com/BEANPOLE/GM0024091327281/good,,,,,,
https://www.ssfshop.com/BEANPOLE/GM0024082096477/good,,,,,,
https://www.ssfshop.com/BEANPOLE/GM0024082224459/good,,,,,,
https://www.ssfshop.com/BEANPOLE/GM0024081968918/good,,,,,,
https://www.ssfshop.com/BEANPOLE/GM0024071866814/good,,,,,,
https://www.ssfshop.com/BEANPOLE/GM0024071289549/good,,,,,,
https://www.ssfshop.com/BEANPOLE/GM0024081967684/good,,,,,,
https://www.ssfshop.com/BEANPOLE/GM0024090552474/good,,,,,,
https://www.ssfshop.com/BEANPOLE/GM0024082835089/good,,,,,,
https://www.ssfshop.com/BEANPOLE/GM0024081970723/good,,,,,,
https://www.ssfshop.com/BEANPOLE/GM0024051751456/good,,,,,,
https://www.ssfshop.com/BEANPOLE/GM0024072937212/good,,,,,,
https://www.ssfshop.com/BEANPOLE/GP2N24080703513/good,,,,,,
https://www.ssfshop.com/BEANPOLE/GM0024091211191/good,,,,,,
https://www.ssfshop.com/BEANPOLE/GM0024072522887/good,,,,,,
https://www.ssfshop.com/BEANPOLE/GM0024090408594/good,,,,,,
https://www.ssfshop.com/BEANPOLE/GPF124032075111/good,,,,,,
https://www.ssfshop.com/BEANPOLE/GM0024090679151/good,,,,,,
https://www.ssfshop.com/BEANPOLE/GP2N24072939464/good,,,,,,
https://www.ssfshop.com/BEANPOLE/GM0024082341470/good,,,,,,
https://www.ssfshop.com/BEANPOLE/GM0024070970581/good,,,,,,
https://www.ssfshop.com/BEANPOLE/GM0024082835170/good,,,,,,
https://www.ssfshop.com/BEANPOLE/GP2N24072939461/good,,,,,,
https://www.ssfshop.com/BEANPOLE/GPSO24080600818/good,,,,,,
https://www.ssfshop.com/BEANPOLE/GM0024070367436/good,,,,,,
https://www.ssfshop.com/BEANPOLE/GM0024071525921/good,,,,,,
https://www.ssfshop.com/BEANPOLE/GM0024080697078/good,,,,,,
https://www.ssfshop.com/BEANPOLE/GM0024082792729/good,,,,,,
https://www.ssfshop.com/BEANPOLE/GM0024082642121/good,,,,,,
https://www.ssfshop.com/BEANPOLE/GM0024072937211/good,,,,,,
https://www.ssfshop.com/BEANPOLE/GM0024070367435/good,,,,,,
https://www.ssfshop.com/BEANPOLE/GM0024070367434/good,,,,,,
https://www.ssfshop.com/BEANPOLE/GM0024071866806/good,,,,,,
https://www.ssfshop.com/BEANPOLE/GQ2N24080583512/good,,,,,,
https://www.ssfshop.com/BEANPOLE/GM0024061727569/good,,,,,,
https://www.ssfshop.com/BEANPOLE/GM0024082339538/good,,,,,,
https://www.ssfshop.com/BEANPOLE/GM0024072937455/good,,,,,,
https://www.ssfshop.com/BEANPOLE/GM0024081377194/good,,,,,,
https://www.ssfshop.com/BEANPOLE/GM0024082792737/good,,,,,,
https://www.ssfshop.com/BEANPOLE/GM0024080580567/good,,,,,,
https://www.ssfshop.com/BEANPOLE/GM0024072523755/good,,,,,,
https://www.ssfshop.com/BEANPOLE/GQ2N24082230717/good,,,,,,
https://www.ssfshop.com/BEANPOLE/GM0024080580197/good,,,,,,
https://www.ssfshop.com/BEANPOLE/GM0024083094168/good,,,,,,
https://www.ssfshop.com/BEANPOLE/GM0024081976684/good,,,,,,
https://www.ssfshop.com/BEANPOLE/GM0024082964344/good,,,,,,
https://www.ssfshop.com/BEANPOLE/GM0024082782567/good,,,,,,
https://www.ssfshop.com/BEANPOLE/GM0024081642874/good,,,,,,
https://www.ssfshop.com/BEANPOLE/GM0024080697158/good,,,,,,
https://www.ssfshop.com/BEANPOLE/GM0024081970717/good,,,,,,
https://www.ssfshop.com/BEANPOLE/GM0024090241760/good,,,,,,
https://www.ssfshop.com/BEANPOLE/GM0024082964349/good,,,,,,
https://www.ssfshop.com/BEANPOLE/GPCK24082774890/good,,,,,,
https://www.ssfshop.com/BEANPOLE/GM0024071864479/good,,,,,,
https://www.ssfshop.com/BEANPOLE/GM0024082792726/good,,,,,,
https://www.ssfshop.com/BEANPOLE/GQ2N24082230780/good,,,,,,
https://www.ssfshop.com/BEANPOLE/GP2N24072287188/good,,,,,,
https://www.ssfshop.com/BEANPOLE/GM0024080697145/good,,,,,,
https://www.ssfshop.com/BEANPOLE/GM0024080697157/good,,,,,,
https://www.ssfshop.com/BEANPOLE/GM0024072521652/good,,,,,,
https://www.ssfshop.com/BEANPOLE/GM0024071289539/good,,,,,,
https://www.ssfshop.com/BEANPOLE/GM0024070368048/good,,,,,,
https://www.ssfshop.com/BEANPOLE/GM0024051751458/good,,,,,,
https://www.ssfshop.com/BEANPOLE/GM0024062063169/good,,,,,,
https://www.ssfshop.com/BEANPOLE/GM0024082345023/good,,,,,,
https://www.ssfshop.com/BEANPOLE/GM0024072287414/good,,,,,,
https://www.ssfshop.com/BEANPOLE/GM0024070546770/good,,,,,,
https://www.ssfshop.com/BEANPOLE/GM0024082792739/good,,,,,,
https://www.ssfshop.com/BEANPOLE/GQ3A24080696208/good,,,,,,
https://www.ssfshop.com/BEANPOLE/GM0024081982648/good,,,,,,
https://www.ssfshop.com/BEANPOLE/GM0024071866811/good,,,,,,
https://www.ssfshop.com/BEANPOLE/GM0024070970580/good,,,,,,
https://www.ssfshop.com/BEANPOLE/GM0024062063217/good,,,,,,
https://www.ssfshop.com/BEANPOLE/GM0024070863300/good,,,,,,
https://www.ssfshop.com/BEANPOLE/GM0024082093069/good,,,,,,
https://www.ssfshop.com/BEANPOLE/GM0024071970269/good,,,,,,
https://www.ssfshop.com/BEANPOLE/GM0024070546776/good,,,,,,
https://www.ssfshop.com/BEANPOLE/GM0024081975471/good,,,,,,
https://www.ssfshop.com/BEANPOLE/GM0024091192541/good,,,,,,
https://www.ssfshop.com/BEANPOLE/GM0024082792725/good,,,,,,
https://www.ssfshop.com/BEANPOLE/GM0024090241759/good,,,,,,
https://www.ssfshop.com/BEANPOLE/GR3A24082343328/good,,,,,,
https://www.ssfshop.com/BEANPOLE/GQ2N24090541832/good,,,,,,
https://www.ssfshop.com/BEANPOLE/GM0024082341900/good,,,,,,
https://www.ssfshop.com/BEANPOLE/GM0024070970585/good,,,,,,
https://www.ssfshop.com/BEANPOLE/GM0024070863299/good,,,,,,
https://www.ssfshop.com/BEANPOLE/GR1X24091213474/good,,,,,,
https://www.ssfshop.com/BEANPOLE/GP2N24080703544/good,,,,,,
https://www.ssfshop.com/BEANPOLE/GM0024071866815/good,,,,,,
https://www.ssfshop.com/BEANPOLE/GM0024071289545/good,,,,,,
https://www.ssfshop.com/BEANPOLE/GM0024090241766/good,,,,,,
https://www.ssfshop.com/BEANPOLE/GM0024091211182/good,,,,,,
https://www.ssfshop.com/BEANPOLE/GM0024070970586/good,,,,,,
https://www.ssfshop.com/BEANPOLE/GQSU24090678824/good,,,,,,
https://www.ssfshop.com/BEANPOLE/GP2N24080275212/good,,,,,,
https://www.ssfshop.com/BEANPOLE/GM0024081967690/good,,,,,,
https://www.ssfshop.com/BEANPOLE/GM0024082096473/good,,,,,,
https://www.ssfshop.com/BEANPOLE/GM0024081968903/good,,,,,,
https://www.ssfshop.com/BEANPOLE/GQ2N24082230815/good,,,,,,
https://www.ssfshop.com/BEANPOLE/GM0024081975028/good,,,,,,
https://www.ssfshop.com/BEANPOLE/GQ2N24091216841/good,,,,,,
https://www.ssfshop.com/BEANPOLE/GM0024081970718/good,,,,,,
https://www.ssfshop.com/BEANPOLE/GP2N24080703546/good,,,,,,
https://www.ssfshop.com/BEANPOLE/GM0024060550215/good,,,,,,
https://www.ssfshop.com/BEANPOLE/GM0024082114881/good,,,,,,
https://www.ssfshop.com/BEANPOLE/GM0024090241492/good,,,,,,
https://www.ssfshop.com/BEANPOLE/GM0024083095678/good,,,,,,
https://www.ssfshop.com/BEANPOLE/GP2N24090410522/good,,,,,,
https://www.ssfshop.com/BEANPOLE/GM0024082792715/good,,,,,,
https://www.ssfshop.com/BEANPOLE/GM0024070970587/good,,,,,,
https://www.ssfshop.com/BEANPOLE/GM0024090682384/good,,,,,,
https://www.ssfshop.com/BEANPOLE/GM0024071865197/good,,,,,,
https://www.ssfshop.com/BEANPOLE/GPSO24082786031/good,,,,,,
https://www.ssfshop.com/BEANPOLE/GQ2N24071971502/good,,,,,,
https://www.ssfshop.com/BEANPOLE/GM0024080170965/good,,,,,,
https://www.ssfshop.com/BEANPOLE/GM0024061206753/good,,,,,,
https://www.ssfshop.com/BEANPOLE/GM0024090409050/good,,,,,,
https://www.ssfshop.com/BEANPOLE/GM0024090682407/good,,,,,,
https://www.ssfshop.com/BEANPOLE/GQ2N24080698642/good,,,,,,
https://www.ssfshop.com/BEANPOLE/GPSO24072939320/good,,,,,,
https://www.ssfshop.com/BEANPOLE/GM0024091213002/good,,,,,,
https://www.ssfshop.com/BEANPOLE/GPSO24072939321/good,,,,,,
https://www.ssfshop.com/BEANPOLE/GM0024090682408/good,,,,,,
https://www.ssfshop.com/BEANPOLE/GM0024051751460/good,,,,,,
https://www.ssfshop.com/BEANPOLE/GM0024090679146/good,,,,,,
https://www.ssfshop.com/BEANPOLE/GM0024061947929/good,,,,,,
https://www.ssfshop.com/BEANPOLE/GM0024071289553/good,,,,,,
https://www.ssfshop.com/BEANPOLE/GM0024082835074/good,,,,,,
https://www.ssfshop.com/BEANPOLE/GM0024081240952/good,,,,,,
https://www.ssfshop.com/BEANPOLE/GR0V24082001675/good,,,,,,
https://www.ssfshop.com/BEANPOLE/GM0024082224385/good,,,,,,
https://www.ssfshop.com/BEANPOLE/GM0024083095672/good,,,,,,
https://www.ssfshop.com/BEANPOLE/GR0V24082833309/good,,,,,,
https://www.ssfshop.com/BEANPOLE/GM0024082835175/good,,,,,,
https://www.ssfshop.com/BEANPOLE/GM0024073157914/good,,,,,,
https://www.ssfshop.com/BEANPOLE/GM0024082835073/good,,,,,,
https://www.ssfshop.com/BEANPOLE/GM0024090682413/good,,,,,,
https://www.ssfshop.com/BEANPOLE/GM0024090381293/good,,,,,,
https://www.ssfshop.com/BEANPOLE/GM0024082114921/good,,,,,,
https://www.ssfshop.com/BEANPOLE/GM0024091212146/good,,,,,,
https://www.ssfshop.com/BEANPOLE/GM0024083095421/good,,,,,,
https://www.ssfshop.com/BEANPOLE/GM0024073048924/good,,,,,,
https://www.ssfshop.com/BEANPOLE/GM0024061836098/good,,,,,,
https://www.ssfshop.com/BEANPOLE/GM0024081240953/good,,,,,,
https://www.ssfshop.com/BEANPOLE/GPSO24080600814/good,,,,,,
https://www.ssfshop.com/BEANPOLE/GM0024080170966/good,,,,,,
https://www.ssfshop.com/BEANPOLE/GM0024080272283/good,,,,,,
https://www.ssfshop.com/BEANPOLE/GP2N24090681256/good,,,,,,
https://www.ssfshop.com/BEANPOLE/GM0024070970583/good,,,,,,
https://www.ssfshop.com/BEANPOLE/GM0024080697146/good,,,,,,
https://www.ssfshop.com/BEANPOLE/GM0024080706054/good,,,,,,
https://www.ssfshop.com/BEANPOLE/GM0024090241534/good,,,,,,
https://www.ssfshop.com/BEANPOLE/GM0024081249519/good,,,,,,
https://www.ssfshop.com/BEANPOLE/GM0024081982647/good,,,,,,
https://www.ssfshop.com/BEANPOLE/GM0024082636352/good,,,,,,
https://www.ssfshop.com/BEANPOLE/GM0024071289544/good,,,,,,
https://www.ssfshop.com/BEANPOLE/GM0024081967686/good,,,,,,
https://www.ssfshop.com/BEANPOLE/GRDH24091213346/good,,,,,,
https://www.ssfshop.com/BEANPOLE/GM0024062065217/good,,,,,,
https://www.ssfshop.com/BEANPOLE/GQ2N24082230800/good,,,,,,
https://www.ssfshop.com/BEANPOLE/GM0024090381237/good,,,,,,
https://www.ssfshop.com/BEANPOLE/GM0024090679125/good,,,,,,
https://www.ssfshop.com/BEANPOLE/GP2N24080703532/good,,,,,,
https://www.ssfshop.com/BEANPOLE/GM0024062491277/good,,,,,,
https://www.ssfshop.com/BEANPOLE/GM0024082792711/good,,,,,,
https://www.ssfshop.com/BEANPOLE/GM0024071866813/good,,,,,,
https://www.ssfshop.com/BEANPOLE/GM0024071865202/good,,,,,,
https://www.ssfshop.com/BEANPOLE/GM0024052059235/good,,,,,,
https://www.ssfshop.com/BEANPOLE/GM0024071865199/good,,,,,,
https://www.ssfshop.com/BEANPOLE/GM0024082642120/good,,,,,,
https://www.ssfshop.com/BEANPOLE/GM0024080272282/good,,,,,,
https://www.ssfshop.com/BEANPOLE/GM0024073158334/good,,,,,,
https://www.ssfshop.com/BEANPOLE/GQ2N24082972639/good,,,,,,
https://www.ssfshop.com/BEANPOLE/GM0024091212156/good,,,,,,
https://www.ssfshop.com/BEANPOLE/GM0024082096465/good,,,,,,
https://www.ssfshop.com/BEANPOLE/GM0024052700349/good,,,,,,
https://www.ssfshop.com/BEANPOLE/GM0024080925059/good,,,,,,
https://www.ssfshop.com/BEANPOLE/GM0024081975470/good,,,,,,
https://www.ssfshop.com/BEANPOLE/GM0024090381299/good,,,,,,
https://www.ssfshop.com/BEANPOLE/GR1X24091197175/good,,,,,,
https://www.ssfshop.com/BEANPOLE/GM0024071526161/good,,,,,,
https://www.ssfshop.com/BEANPOLE/GQ2N24091216851/good,,,,,,
https://www.ssfshop.com/BEANPOLE/GM0024090682410/good,,,,,,
https://www.ssfshop.com/BEANPOLE/GM0024082093067/good,,,,,,
https://www.ssfshop.com/BEANPOLE/GM0024071289552/good,,,,,,
https://www.ssfshop.com/BEANPOLE/GQ2N24080583618/good,,,,,,
https://www.ssfshop.com/BEANPOLE/GM0024082225380/good,,,,,,
https://www.ssfshop.com/BEANPOLE/GM0024070546958/good,,,,,,
https://www.ssfshop.com/BEANPOLE/GM0024091194333/good,,,,,,
https://www.ssfshop.com/BEANPOLE/GM0024091327208/good,,,,,,
https://www.ssfshop.com/BEANPOLE/GM0024072287002/good,,,,,,
https://www.ssfshop.com/BEANPOLE/GM0024071970367/good,,,,,,
https://www.ssfshop.com/BEANPOLE/GM0024090376801/good,,,,,,
https://www.ssfshop.com/BEANPOLE/GM0024052700345/good,,,,,,
https://www.ssfshop.com/BEANPOLE/GPCL24040567747/good,,,,,,
https://www.ssfshop.com/BEANPOLE/GQ2N24073051777/good,,,,,,
https://www.ssfshop.com/BEANPOLE/GM0024052804836/good,,,,,,
https://www.ssfshop.com/BEANPOLE/GM0024083094170/good,,,,,,
https://www.ssfshop.com/BEANPOLE/GM0024080706057/good,,,,,,
https://www.ssfshop.com/BEANPOLE/GP2N24072939463/good,,,,,,
https://www.ssfshop.com/BEANPOLE/GM0024081967688/good,,,,,,
https://www.ssfshop.com/BEANPOLE/GM0024062713701/good,,,,,,
https://www.ssfshop.com/BEANPOLE/GM0024073157938/good,,,,,,
https://www.ssfshop.com/BEANPOLE/GM0024062065216/good,,,,,,
https://www.ssfshop.com/BEANPOLE/GM0024091211181/good,,,,,,
https://www.ssfshop.com/BEANPOLE/GM0024090542957/good,,,,,,
https://www.ssfshop.com/BEANPOLE/GM0024081982618/good,,,,,,
https://www.ssfshop.com/BEANPOLE/GM0024081240973/good,,,,,,
https://www.ssfshop.com/BEANPOLE/GPSO24082116183/good,,,,,,
https://www.ssfshop.com/BEANPOLE/GM0024082835700/good,,,,,,
https://www.ssfshop.com/BEANPOLE/GM0024080697147/good,,,,,,
https://www.ssfshop.com/BEANPOLE/GM0024081975469/good,,,,,,
https://www.ssfshop.com/BEANPOLE/GM0024061836502/good,,,,,,
https://www.ssfshop.com/BEANPOLE/GQ2N24080583531/good,,,,,,
https://www.ssfshop.com/BEANPOLE/GM0024071970349/good,,,,,,
https://www.ssfshop.com/BEANPOLE/GM0024071289551/good,,,,,,
https://www.ssfshop.com/BEANPOLE/GM0024082792744/good,,,,,,
https://www.ssfshop.com/BEANPOLE/GR3A24082344854/good,,,,,,
https://www.ssfshop.com/BEANPOLE/GM0024073047704/good,,,,,,
https://www.ssfshop.com/BEANPOLE/GM0024082096466/good,,,,,,
https://www.ssfshop.com/BEANPOLE/GM0024082116217/good,,,,,,
https://www.ssfshop.com/BEANPOLE/GQ2N24073051778/good,,,,,,
https://www.ssfshop.com/BEANPOLE/GM0024083095631/good,,,,,,
https://www.ssfshop.com/BEANPOLE/GM0024082222348/good,,,,,,
https://www.ssfshop.com/BEANPOLE/GM0024072626788/good,,,,,,
https://www.ssfshop.com/BEANPOLE/GM0024082792714/good,,,,,,
https://www.ssfshop.com/BEANPOLE/GM0024082096460/good,,,,,,
https://www.ssfshop.com/BEANPOLE/GM0024082835076/good,,,,,,
https://www.ssfshop.com/BEANPOLE/GM0024082115012/good,,,,,,
https://www.ssfshop.com/BEANPOLE/GM0024083004073/good,,,,,,
https://www.ssfshop.com/BEANPOLE/GM0024082792731/good,,,,,,
https://www.ssfshop.com/BEANPOLE/GM0024070546782/good,,,,,,
https://www.ssfshop.com/BEANPOLE/GM0024082096475/good,,,,,,
https://www.ssfshop.com/BEANPOLE/GM0024082115009/good,,,,,,
https://www.ssfshop.com/BEANPOLE/GM0024071748712/good,,,,,,
https://www.ssfshop.com/BEANPOLE/GM0024070417324/good,,,,,,
https://www.ssfshop.com/BEANPOLE/GM0024071865198/good,,,,,,
https://www.ssfshop.com/BEANPOLE/GM0024052700346/good,,,,,,
https://www.ssfshop.com/BEANPOLE/GM0024083094167/good,,,,,,
https://www.ssfshop.com/BEANPOLE/GM0024090381291/good,,,,,,
https://www.ssfshop.com/BEANPOLE/GP2N24091197177/good,,,,,,
https://www.ssfshop.com/BEANPOLE/GM0024082792710/good,,,,,,
https://www.ssfshop.com/BEANPOLE/GPSO24080600817/good,,,,,,
https://www.ssfshop.com/BEANPOLE/GM0024081427770/good,,,,,,
https://www.ssfshop.com/BEANPOLE/GM0024082835716/good,,,,,,
https://www.ssfshop.com/BEANPOLE/GM0024070970593/good,,,,,,
https://www.ssfshop.com/BEANPOLE/GQ2N24071289834/good,,,,,,
https://www.ssfshop.com/BEANPOLE/GM0024083095686/good,,,,,,
https://www.ssfshop.com/BEANPOLE/GM0024090542963/good,,,,,,
https://www.ssfshop.com/BEANPOLE/GM0024082835718/good,,,,,,
https://www.ssfshop.com/BEANPOLE/GM0024080930632/good,,,,,,
https://www.ssfshop.com/BEANPOLE/GM0024080923911/good,,,,,,
https://www.ssfshop.com/BEANPOLE/GQ2N24082230734/good,,,,,,
https://www.ssfshop.com/BEANPOLE/GPCK24082774868/good,,,,,,
https://www.ssfshop.com/BEANPOLE/GM0024090688960/good,,,,,,
https://www.ssfshop.com/BEANPOLE/GM0024072408674/good,,,,,,
https://www.ssfshop.com/BEANPOLE/GM0024080272281/good,,,,,,
https://www.ssfshop.com/BEANPOLE/GM0024081427660/good,,,,,,
https://www.ssfshop.com/BEANPOLE/GM0024071866812/good,,,,,,
https://www.ssfshop.com/BEANPOLE/GM0024080272671/good,,,,,,
https://www.ssfshop.com/BEANPOLE/GQHV24070367140/good,,,,,,
https://www.ssfshop.com/BEANPOLE/GM0024083094179/good,,,,,,
https://www.ssfshop.com/BEANPOLE/GM0024090409219/good,,,,,,
https://www.ssfshop.com/BEANPOLE/GM0024090412461/good,,,,,,
https://www.ssfshop.com/BEANPOLE/GM0024082792732/good,,,,,,
https://www.ssfshop.com/BEANPOLE/GM0024071970270/good,,,,,,
https://www.ssfshop.com/BEANPOLE/GM0024071865201/good,,,,,,
https://www.ssfshop.com/BEANPOLE/GM0024071866805/good,,,,,,
https://www.ssfshop.com/BEANPOLE/GM0024082636069/good,,,,,,
https://www.ssfshop.com/BEANPOLE/GQ2N24071289848/good,,,,,,
https://www.ssfshop.com/BEANPOLE/GM0024071289546/good,,,,,,
https://www.ssfshop.com/BEANPOLE/GM0024080170968/good,,,,,,
https://www.ssfshop.com/BEANPOLE/GM0024080695703/good,,,,,,
https://www.ssfshop.com/BEANPOLE/GM0024071866788/good,,,,,,
https://www.ssfshop.com/BEANPOLE/GM0024090679121/good,,,,,,
https://www.ssfshop.com/BEANPOLE/GM0024072287073/good,,,,,,
https://www.ssfshop.com/BEANPOLE/GM0024083094165/good,,,,,,
https://www.ssfshop.com/BEANPOLE/GM0024090542925/good,,,,,,
https://www.ssfshop.com/BEANPOLE/GPF124051008088/good,,,,,,
https://www.ssfshop.com/BEANPOLE/GM0024080580213/good,,,,,,
https://www.ssfshop.com/BEANPOLE/GM0024091194335/good,,,,,,
https://www.ssfshop.com/BEANPOLE/GM0024082224382/good,,,,,,
https://www.ssfshop.com/BEANPOLE/GM0024080167661/good,,,,,,
https://www.ssfshop.com/BEANPOLE/GM0024071866783/good,,,,,,
https://www.ssfshop.com/BEANPOLE/GM0024082635366/good,,,,,,
https://www.ssfshop.com/BEANPOLE/GM0024082115014/good,,,,,,
https://www.ssfshop.com/BEANPOLE/GM0024082341197/good,,,,,,
https://www.ssfshop.com/BEANPOLE/GM0024080695731/good,,,,,,
https://www.ssfshop.com/BEANPOLE/GM0024082096463/good,,,,,,
https://www.ssfshop.com/BEANPOLE/GM0024091325702/good,,,,,,
https://www.ssfshop.com/BEANPOLE/GR3A24082343434/good,,,,,,
https://www.ssfshop.com/BEANPOLE/GM0024070546777/good,,,,,,
https://www.ssfshop.com/BEANPOLE/GM0024062831095/good,,,,,,
https://www.ssfshop.com/BEANPOLE/GQ2N24071971570/good,,,,,,
https://www.ssfshop.com/BEANPOLE/GM0024061206755/good,,,,,,
https://www.ssfshop.com/BEANPOLE/GM0024082792736/good,,,,,,
https://www.ssfshop.com/BEANPOLE/GM0024082345051/good,,,,,,
https://www.ssfshop.com/BEANPOLE/GM0024080580259/good,,,,,,
https://www.ssfshop.com/BEANPOLE/GM0024090679122/good,,,,,,
https://www.ssfshop.com/BEANPOLE/GM0024072937191/good,,,,,,
https://www.ssfshop.com/BEANPOLE/GQ0EA24081645205/good,,,,,,
https://www.ssfshop.com/BEANPOLE/GM0024062713751/good,,,,,,
https://www.ssfshop.com/BEANPOLE/GM0024061727686/good,,,,,,
https://www.ssfshop.com/BEANPOLE/GQ3A24073160749/good,,,,,,
https://www.ssfshop.com/BEANPOLE/GM0024080917903/good,,,,,,
https://www.ssfshop.com/BEANPOLE/GM0024083095666/good,,,,,,
https://www.ssfshop.com/BEANPOLE/GQSU24082345707/good,,,,,,
https://www.ssfshop.com/BEANPOLE/GM0024071526162/good,,,,,,
https://www.ssfshop.com/BEANPOLE/GM0024072524169/good,,,,,,
https://www.ssfshop.com/BEANPOLE/GM0024090241767/good,,,,,,
https://www.ssfshop.com/BEANPOLE/GM0024062607611/good,,,,,,
https://www.ssfshop.com/BEANPOLE/GM0024072287959/good,,,,,,
https://www.ssfshop.com/BEANPOLE/GM0024090241696/good,,,,,,
https://www.ssfshop.com/BEANPOLE/GM0024080580247/good,,,,,,
https://www.ssfshop.com/BEANPOLE/GM0024082964351/good,,,,,,
https://www.ssfshop.com/BEANPOLE/GM0024090542958/good,,,,,,
https://www.ssfshop.com/BEANPOLE/GP2N24081428880/good,,,,,,
https://www.ssfshop.com/BEANPOLE/GM0024082792712/good,,,,,,
https://www.ssfshop.com/BEANPOLE/GM0024090241693/good,,,,,,
https://www.ssfshop.com/BEANPOLE/GQ3A24090688674/good,,,,,,
https://www.ssfshop.com/BEANPOLE/GM0024091192543/good,,,,,,
https://www.ssfshop.com/BEANPOLE/GM0024090409258/good,,,,,,
https://www.ssfshop.com/BEANPOLE/GM0024083004031/good,,,,,,
https://www.ssfshop.com/BEANPOLE/GM0024082096461/good,,,,,,
https://www.ssfshop.com/BEANPOLE/GM0024083095661/good,,,,,,
https://www.ssfshop.com/BEANPOLE/GM0024072287074/good,,,,,,
https://www.ssfshop.com/BEANPOLE/GM0024091192538/good,,,,,,
https://www.ssfshop.com/BEANPOLE/GPHS24090916500/good,,,,,,
https://www.ssfshop.com/BEANPOLE/GM0024071864482/good,,,,,,
https://www.ssfshop.com/BEANPOLE/GM0024082096108/good,,,,,,
https://www.ssfshop.com/BEANPOLE/GM0024090409260/good,,,,,,
https://www.ssfshop.com/BEANPOLE/GM0024083095657/good,,,,,,
https://www.ssfshop.com/BEANPOLE/GM0024081240955/good,,,,,,
https://www.ssfshop.com/BEANPOLE/GM0024090906421/good,,,,,,
https://www.ssfshop.com/BEANPOLE/GM0024083095453/good,,,,,,
https://www.ssfshop.com/BEANPOLE/GM0024081645118/good,,,,,,
https://www.ssfshop.com/BEANPOLE/GM0024070863289/good,,,,,,
https://www.ssfshop.com/BEANPOLE/GM0024080167660/good,,,,,,
https://www.ssfshop.com/BEANPOLE/GM0024070546774/good,,,,,,
https://www.ssfshop.com/BEANPOLE/GPG724082098558/good,,,,,,
https://www.ssfshop.com/BEANPOLE/GM0024051751660/good,,,,,,
https://www.ssfshop.com/BEANPOLE/GM0024062491289/good,,,,,,
https://www.ssfshop.com/BEANPOLE/GM0024070546773/good,,,,,,
https://www.ssfshop.com/BEANPOLE/GM0024081975473/good,,,,,,
https://www.ssfshop.com/BEANPOLE/GM0024090409262/good,,,,,,
https://www.ssfshop.com/BEANPOLE/GM0024081968869/good,,,,,,
https://www.ssfshop.com/BEANPOLE/GM0024080580258/good,,,,,,
https://www.ssfshop.com/BEANPOLE/GM0024083095464/good,,,,,,
https://www.ssfshop.com/BEANPOLE/GM0024090678514/good,,,,,,
https://www.ssfshop.com/BEANPOLE/GM0024062713748/good,,,,,,
https://www.ssfshop.com/BEANPOLE/GM0024083095541/good,,,,,,
https://www.ssfshop.com/BEANPOLE/GM0024070546775/good,,,,,,
https://www.ssfshop.com/BEANPOLE/GP2N24082841891/good,,,,,,
https://www.ssfshop.com/BEANPOLE/GM0024082792727/good,,,,,,
https://www.ssfshop.com/BEANPOLE/GQ2N24080583563/good,,,,,,
https://www.ssfshop.com/BEANPOLE/GM0024082835078/good,,,,,,
https://www.ssfshop.com/BEANPOLE/GP2N24091197178/good,,,,,,
https://www.ssfshop.com/BEANPOLE/GM0024072287957/good,,,,,,
https://www.ssfshop.com/BEANPOLE/GM0024083095681/good,,,,,,
https://www.ssfshop.com/BEANPOLE/GQYG24082002501/good,,,,,,
https://www.ssfshop.com/BEANPOLE/GM0024082093068/good,,,,,,
https://www.ssfshop.com/BEANPOLE/GM0024071970348/good,,,,,,
https://www.ssfshop.com/BEANPOLE/GM0024071863290/good,,,,,,
https://www.ssfshop.com/BEANPOLE/GQ4124083005107/good,,,,,,
https://www.ssfshop.com/BEANPOLE/GP2N24072287175/good,,,,,,
https://www.ssfshop.com/BEANPOLE/GM0024080580256/good,,,,,,
https://www.ssfshop.com/BEANPOLE/GM0024082835738/good,,,,,,
https://www.ssfshop.com/BEANPOLE/GM0024080697102/good,,,,,,
https://www.ssfshop.com/BEANPOLE/GM0024080580246/good,,,,,,
https://www.ssfshop.com/BEANPOLE/GM0024081240974/good,,,,,,
https://www.ssfshop.com/BEANPOLE/GM0024080706056/good,,,,,,
https://www.ssfshop.com/BEANPOLE/GP2N24080275209/good,,,,,,
https://www.ssfshop.com/BEANPOLE/GM0024080930629/good,,,,,,
https://www.ssfshop.com/BEANPOLE/GP2N24090681243/good,,,,,,
https://www.ssfshop.com/BEANPOLE/GM0024080923910/good,,,,,,
https://www.ssfshop.com/BEANPOLE/GM0024081968904/good,,,,,,
https://www.ssfshop.com/BEANPOLE/GM0024091192540/good,,,,,,
https://www.ssfshop.com/BEANPOLE/GP2N24072300558/good,,,,,,
https://www.ssfshop.com/BEANPOLE/GM0024081240954/good,,,,,,
https://www.ssfshop.com/BEANPOLE/GM0024090679152/good,,,,,,
https://www.ssfshop.com/BEANPOLE/GM0024072523668/good,,,,,,
https://www.ssfshop.com/BEANPOLE/GM0024081968932/good,,,,,,
https://www.ssfshop.com/BEANPOLE/GM0024090679150/good,,,,,,
https://www.ssfshop.com/BEANPOLE/GM0024072521651/good,,,,,,
https://www.ssfshop.com/BEANPOLE/GM0024071073085/good,,,,,,
https://www.ssfshop.com/BEANPOLE/GM0024090688959/good,,,,,,
https://www.ssfshop.com/BEANPOLE/GM0024090552473/good,,,,,,
https://www.ssfshop.com/BEANPOLE/GM0024082835719/good,,,,,,
https://www.ssfshop.com/BEANPOLE/GM0024072937291/good,,,,,,
https://www.ssfshop.com/BEANPOLE/GM0024091194334/good,,,,,,
https://www.ssfshop.com/BEANPOLE/GP2N24090681247/good,,,,,,
https://www.ssfshop.com/BEANPOLE/GM0024070138195/good,,,,,,
https://www.ssfshop.com/BEANPOLE/GR1X24091196831/good,,,,,,
https://www.ssfshop.com/BEANPOLE/GM0024083094171/good,,,,,,
https://www.ssfshop.com/BEANPOLE/GM0024071969922/good,,,,,,
https://www.ssfshop.com/BEANPOLE/GM0024071863288/good,,,,,,
https://www.ssfshop.com/BEANPOLE/GM0024072522885/good,,,,,,
https://www.ssfshop.com/BEANPOLE/GP7E24082788454/good,,,,,,
https://www.ssfshop.com/BEANPOLE/GM0024053017290/good,,,,,,
https://www.ssfshop.com/BEANPOLE/GM0024072287415/good,,,,,,
https://www.ssfshop.com/BEANPOLE/GM0024071525719/good,,,,,,
https://www.ssfshop.com/BEANPOLE/GM0024081968930/good,,,,,,
https://www.ssfshop.com/BEANPOLE/GPG724082114342/good,,,,,,
https://www.ssfshop.com/BEANPOLE/GM0024072287109/good,,,,,,
https://www.ssfshop.com/BEANPOLE/GM0024072287022/good,,,,,,
https://www.ssfshop.com/BEANPOLE/GM0024080703633/good,,,,,,
https://www.ssfshop.com/BEANPOLE/GM0024072937453/good,,,,,,
https://www.ssfshop.com/BEANPOLE/GM0024071526136/good,,,,,,
https://www.ssfshop.com/BEANPOLE/GM0024082792735/good,,,,,,
https://www.ssfshop.com/BEANPOLE/GPG724082096288/good,,,,,,
https://www.ssfshop.com/BEANPOLE/GM0024090409261/good,,,,,,
https://www.ssfshop.com/BEANPOLE/GM0024081970719/good,,,,,,
https://www.ssfshop.com/BEANPOLE/GM0024080580214/good,,,,,,
https://www.ssfshop.com/BEANPOLE/GM0024081241018/good,,,,,,¼ÅÃ÷_ºí¶ó¿ì½º
https://www.ssfshop.com/BEANPOLE/GM0024062607584/good,,,,,,
https://www.ssfshop.com/BEANPOLE/GM0024081413325/good,,,,,,
https://www.ssfshop.com/BEANPOLE/GM0024082003940/good,,,,,,
https://www.ssfshop.com/BEANPOLE/GM0024072626791/good,,,,,,
https://www.ssfshop.com/BEANPOLE/GM0024082225382/good,,,,,,
https://www.ssfshop.com/BEANPOLE/GM0024081976201/good,,,,,,
https://www.ssfshop.com/BEANPOLE/GM0024071289273/good,,,,,,
https://www.ssfshop.com/BEANPOLE/GM0024082225367/good,,,,,,
https://www.ssfshop.com/BEANPOLE/GM0024080703065/good,,,,,,
https://www.ssfshop.com/BEANPOLE/GM0024081241023/good,,,,,,
https://www.ssfshop.com/BEANPOLE/GM0024081241022/good,,,,,,
https://www.ssfshop.com/BEANPOLE/GM0024082003938/good,,,,,,
https://www.ssfshop.com/BEANPOLE/GM0024070367137/good,,,,,,
https://www.ssfshop.com/BEANPOLE/GM0024082003942/good,,,,,,
https://www.ssfshop.com/BEANPOLE/GM0024081976686/good,,,,,,
https://www.ssfshop.com/BEANPOLE/GM0024081976688/good,,,,,,
https://www.ssfshop.com/BEANPOLE/GM0024081976687/good,,,,,,
https://www.ssfshop.com/BEANPOLE/GM0024081976691/good,,,,,,
https://www.ssfshop.com/BEANPOLE/GM0024080693637/good,,,,,,
https://www.ssfshop.com/BEANPOLE/GM0024082632353/good,,,,,,
https://www.ssfshop.com/BEANPOLE/GM0024073157912/good,,,,,,
https://www.ssfshop.com/BEANPOLE/GM0024071185577/good,,,,,,
https://www.ssfshop.com/BEANPOLE/GM0024081241019/good,,,,,,
https://www.ssfshop.com/BEANPOLE/GM0024070544185/good,,,,,,
https://www.ssfshop.com/BEANPOLE/GM0024081976689/good,,,,,,
https://www.ssfshop.com/BEANPOLE/GM0024082003371/good,,,,,,
https://www.ssfshop.com/BEANPOLE/GM0024082632352/good,,,,,,
https://www.ssfshop.com/BEANPOLE/GM0024083093562/good,,,,,,
https://www.ssfshop.com/BEANPOLE/GM0024081241020/good,,,,,,
https://www.ssfshop.com/BEANPOLE/GM0024082003369/good,,,,,,
https://www.ssfshop.com/BEANPOLE/GM0024082632350/good,,,,,,
https://www.ssfshop.com/BEANPOLE/GM0024083093561/good,,,,,,
https://www.ssfshop.com/BEANPOLE/GM0024080272285/good,,,,,,
https://www.ssfshop.com/BEANPOLE/GM0024082834877/good,,,,,,
https://www.ssfshop.com/BEANPOLE/GM0024082632346/good,,,,,,
https://www.ssfshop.com/BEANPOLE/GM0024072626790/good,,,,,,
https://www.ssfshop.com/BEANPOLE/GM0024082834880/good,,,,,,
https://www.ssfshop.com/BEANPOLE/GM0024082834876/good,,,,,,
https://www.ssfshop.com/BEANPOLE/GM0024082834879/good,,,,,,
https://www.ssfshop.com/BEANPOLE/GM0024071289278/good,,,,,,
https://www.ssfshop.com/BEANPOLE/GM0024082834878/good,,,,,,
https://www.ssfshop.com/BEANPOLE/GM0024073157911/good,,,,,,
https://www.ssfshop.com/BEANPOLE/GM0024070544186/good,,,,,,
https://www.ssfshop.com/BEANPOLE/GM0024070544184/good,,,,,,
https://www.ssfshop.com/BEANPOLE/GM0024080693634/good,,,,,,
https://www.ssfshop.com/BEANPOLE/GM0024071289271/good,,,,,,
https://www.ssfshop.com/BEANPOLE/GM0024061206758/good,,,,,,
https://www.ssfshop.com/BEANPOLE/GM0024061206756/good,,,,,,
https://www.ssfshop.com/BEANPOLE/GM0024070243711/good,,,,,,
https://www.ssfshop.com/BEANPOLE/GM0024070138183/good,,,,,,
https://www.ssfshop.com/BEANPOLE/GM0024071289277/good,,,,,,
https://www.ssfshop.com/BEANPOLE/GM0024071969993/good,,,,,,
https://www.ssfshop.com/BEANPOLE/GM0024080167696/good,,,,,,
https://www.ssfshop.com/BEANPOLE/GM0024072626789/good,,,,,,
https://www.ssfshop.com/BEANPOLE/GM0024070138178/good,,,,,,
https://www.ssfshop.com/BEANPOLE/GM0024071638919/good,,,,,,
https://www.ssfshop.com/BEANPOLE/GM0024062169457/good,,,,,,
https://www.ssfshop.com/BEANPOLE/GM0024070138181/good,,,,,,
https://www.ssfshop.com/BEANPOLE/GM0024071969994/good,,,,,,
https://www.ssfshop.com/BEANPOLE/GM0024071638918/good,,,,,,
https://www.ssfshop.com/BEANPOLE/GM0024062607583/good,,,,,,
https://www.ssfshop.com/BEANPOLE/GM0024061834302/good,,,,,,
https://www.ssfshop.com/BEANPOLE/GM0024061206760/good,,,,,,
https://www.ssfshop.com/BEANPOLE/GM0024061834303/good,,,,,,
https://www.ssfshop.com/BEANPOLE/GM0024062829740/good,,,,,,
https://www.ssfshop.com/BEANPOLE/GM0024070967028/good,,,,,,
https://www.ssfshop.com/BEANPOLE/GM0024080272473/good,,,,,,
https://www.ssfshop.com/BEANPOLE/GM0024080272471/good,,,,,,
https://www.ssfshop.com/BEANPOLE/GM0024062829739/good,,,,,,
https://www.ssfshop.com/BEANPOLE/GM0024062169451/good,,,,,,
https://www.ssfshop.com/BEANPOLE/GM0024062169450/good,,,,,,
https://www.ssfshop.com/BEANPOLE/GM0024070243710/good,,,,,,
https://www.ssfshop.com/BEANPOLE/GM0024062169453/good,,,,,,
https://www.ssfshop.com/BEANPOLE/GM0024062169449/good,,,,,,
https://www.ssfshop.com/BEANPOLE/GM0024062596985/good,,,,,,
https://www.ssfshop.com/BEANPOLE/GM0024062169452/good,,,,,,
https://www.ssfshop.com/BEANPOLE/GM0024062829738/good,,,,,,
https://www.ssfshop.com/BEANPOLE/GM0024062596986/good,,,,,,
https://www.ssfshop.com/BEANPOLE/GM0024062596984/good,,,,,,
https://www.ssfshop.com/BEANPOLE/GM0024062596987/good,,,,,,
https://www.ssfshop.com/BEANPOLE/GM0024050773922/good,,,,,,
https://www.ssfshop.com/BEANPOLE/GM0024021640375/good,,,,,,
https://www.ssfshop.com/BEANPOLE/GM0023120851838/good,,,,,,
https://www.ssfshop.com/BEANPOLE/GM0024040149045/good,,,,,,
https://www.ssfshop.com/BEANPOLE/GM0024040354525/good,,,,,,
https://www.ssfshop.com/BEANPOLE/GM0024050250306/good,,,,,,
https://www.ssfshop.com/BEANPOLE/GM0024022058318/good,,,,,,
https://www.ssfshop.com/BEANPOLE/GM0024031187839/good,,,,,,
https://www.ssfshop.com/BEANPOLE/GM0024050773923/good,,,,,,
https://www.ssfshop.com/BEANPOLE/GM0024022058316/good,,,,,,
https://www.ssfshop.com/BEANPOLE/GM0024042556366/good,,,,,,
https://www.ssfshop.com/BEANPOLE/GM0024012376687/good,,,,,,
https://www.ssfshop.com/BEANPOLE/GM0024042380004/good,,,,,,
https://www.ssfshop.com/BEANPOLE/GM0024042692175/good,,,,,,
https://www.ssfshop.com/BEANPOLE/GM0024032501174/good,,,,,,
https://www.ssfshop.com/BEANPOLE/GM0024022712585/good,,,,,,
https://www.ssfshop.com/BEANPOLE/GM0023120851840/good,,,,,,
https://www.ssfshop.com/BEANPOLE/GM0024042936009/good,,,,,,
https://www.ssfshop.com/BEANPOLE/GM0024021640374/good,,,,,,
https://www.ssfshop.com/BEANPOLE/GM0024031304797/good,,,,,,
https://www.ssfshop.com/BEANPOLE/GM0024011031768/good,,,,,,
https://www.ssfshop.com/BEANPOLE/GM0024040249926/good,,,,,,
https://www.ssfshop.com/BEANPOLE/GM0024050773924/good,,,,,,
https://www.ssfshop.com/BEANPOLE/GM0024051643770/good,,,,,,
https://www.ssfshop.com/BEANPOLE/GM0024032501177/good,,,,,,
https://www.ssfshop.com/BEANPOLE/GM0024041508852/good,,,,,,
https://www.ssfshop.com/BEANPOLE/GM0024040354526/good,,,,,,
https://www.ssfshop.com/BEANPOLE/GM0024032501176/good,,,,,,
https://www.ssfshop.com/BEANPOLE/GM0024040149046/good,,,,,,
https://www.ssfshop.com/BEANPOLE/GM0024022712582/good,,,,,,
https://www.ssfshop.com/BEANPOLE/GM0024031304791/good,,,,,,
https://www.ssfshop.com/BEANPOLE/GM0024012376685/good,,,,,,
https://www.ssfshop.com/BEANPOLE/GM0024031304796/good,,,,,,
https://www.ssfshop.com/BEANPOLE/GM0024041955558/good,,,,,,
https://www.ssfshop.com/BEANPOLE/GM0024040249927/good,,,,,,
https://www.ssfshop.com/BEANPOLE/GM0024031187848/good,,,,,,
https://www.ssfshop.com/BEANPOLE/GM0024041620442/good,,,,,,
https://www.ssfshop.com/BEANPOLE/GM0024022263036/good,,,,,,
https://www.ssfshop.com/BEANPOLE/GM0024011031849/good,,,,,,
https://www.ssfshop.com/BEANPOLE/GM0024031187843/good,,,,,,
https://www.ssfshop.com/BEANPOLE/GM0024032501175/good,,,,,,
https://www.ssfshop.com/BEANPOLE/GM0024022928473/good,,,,,,
https://www.ssfshop.com/BEANPOLE/GM0024011813740/good,,,,,,
https://www.ssfshop.com/BEANPOLE/GM0023120851839/good,,,,,,
https://www.ssfshop.com/BEANPOLE/GM0024030542434/good,,,,,,
https://www.ssfshop.com/BEANPOLE/GM0024031187846/good,,,,,,
https://www.ssfshop.com/BEANPOLE/GM0023120851837/good,,,,,,
https://www.ssfshop.com/BEANPOLE/GM0024021640334/good,,,,,,
https://www.ssfshop.com/BEANPOLE/GM0024022712579/good,,,,,,
https://www.ssfshop.com/BEANPOLE/GM0024031961613/good,,,,,,
https://www.ssfshop.com/BEANPOLE/GM0024012376683/good,,,,,,
https://www.ssfshop.com/BEANPOLE/GM0024042936010/good,,,,,,
https://www.ssfshop.com/BEANPOLE/GM0023122845307/good,,,,,,
https://www.ssfshop.com/BEANPOLE/GM0024031304794/good,,,,,,
https://www.ssfshop.com/BEANPOLE/GM0024031187837/good,,,,,,
https://www.ssfshop.com/BEANPOLE/GM0024021640333/good,,,,,,
https://www.ssfshop.com/BEANPOLE/GM0023122011857/good,,,,,,
https://www.ssfshop.com/BEANPOLE/GM0024031538883/good,,,,,,
https://www.ssfshop.com/BEANPOLE/GM0023122845992/good,,,,,,
https://www.ssfshop.com/BEANPOLE/GM0024022928472/good,,,,,,
https://www.ssfshop.com/BEANPOLE/GM0024022056258/good,,,,,,
https://www.ssfshop.com/BEANPOLE/GM0024011031847/good,,,,,,
https://www.ssfshop.com/BEANPOLE/GM0023122845999/good,,,,,,
https://www.ssfshop.com/BEANPOLE/GM0023122845993/good,,,,,,
https://www.ssfshop.com/BEANPOLE/GM0024011031769/good,,,,,,
https://www.ssfshop.com/BEANPOLE/GM0024031961612/good,,,,,,
https://www.ssfshop.com/BEANPOLE/GM0024031961614/good,,,,,,
https://www.ssfshop.com/BEANPOLE/GM0023122845995/good,,,,,,
https://www.ssfshop.com/BEANPOLE/GM0024012376688/good,,,,,,
https://www.ssfshop.com/BEANPOLE/GM0024020772248/good,,,,,,
https://www.ssfshop.com/BEANPOLE/GM0023122845996/good,,,,,,
https://www.ssfshop.com/BEANPOLE/GM0024011031848/good,,,,,,
https://www.ssfshop.com/BEANPOLE/GM0023122011854/good,,,,,,
https://www.ssfshop.com/BEANPOLE/GM0023122845997/good,,,,,,
https://www.ssfshop.com/BEANPOLE/GM0024031961617/good,,,,,,
https://www.ssfshop.com/BEANPOLE/GM0024031961616/good,,,,,,
https://www.ssfshop.com/BEANPOLE/GM0023120627386/good,,,,,,
https://www.ssfshop.com/BEANPOLE/GM0024031961618/good,,,,,,
https://www.ssfshop.com/BEANPOLE/GM0024031961619/good,,,,,,
https://www.ssfshop.com/BEANPOLE/GM0024011031767/good,,,,,,
https://www.ssfshop.com/BEANPOLE/GM0023122845308/good,,,,,,
https://www.ssfshop.com/BEANPOLE/GM0023122845309/good,,,,,,
https://www.ssfshop.com/BEANPOLE/GM0023122845310/good,,,,,,
https://www.ssfshop.com/BEANPOLE/GM0023122845305/good,,,,,,
https://www.ssfshop.com/BEANPOLE/GM0024031961620/good,,,,,,
https://www.ssfshop.com/BEANPOLE/GM0024011031766/good,,,,,,
https://www.ssfshop.com/BEANPOLE/GM0024011031770/good,,,,,,
https://www.ssfshop.com/BEANPOLE/GM0024012590196/good,,,,,,
https://www.ssfshop.com/BEANPOLE/GM0023122845306/good,,,,,,
https://www.ssfshop.com/BEANPOLE/GM0023100523979/good,,,,,,
https://www.ssfshop.com/BEANPOLE/GM0023072146203/good,,,,,,
https://www.ssfshop.com/BEANPOLE/GM0023082407423/good,,,,,,
https://www.ssfshop.com/BEANPOLE/GM0023072146204/good,,,,,,
https://www.ssfshop.com/BEANPOLE/GM0023080321911/good,,,,,,
https://www.ssfshop.com/BEANPOLE/GM0023061650209/good,,,,,,
https://www.ssfshop.com/BEANPOLE/GM0023020732227/good,,,,,,
https://www.ssfshop.com/BEANPOLE/GM0022121500371/good,,,,,,
https://www.ssfshop.com/BEANPOLE/GM0023020732226/good,,,,,,
https://www.ssfshop.com/BEANPOLE/GM0022121500372/good,,,,,,
https://www.ssfshop.com/BEANPOLE/GM0022121500370/good,,,,,,
https://www.ssfshop.com/BEANPOLE/GM0023010529227/good,,,,,,
https://www.ssfshop.com/BEANPOLE/GM0024062169456/good,,,,,,
https://www.ssfshop.com/BEANPOLE/GM0024041508281/good,,,,,,
https://www.ssfshop.com/BEANPOLE/GM0024031961654/good,,,,,,
https://www.ssfshop.com/BEANPOLE/GM0024022928474/good,,,,,,
https://www.ssfshop.com/BEANPOLE/GM0023073185921/good,,,,,,
https://www.ssfshop.com/BEANPOLE/GM0024091210299/good,,,,,,Æ¼¼ÅÃ÷
https://www.ssfshop.com/BEANPOLE/GM0024091210298/good,,,,,,
https://www.ssfshop.com/BEANPOLE/GM0024091210300/good,,,,,,
https://www.ssfshop.com/BEANPOLE/GM0024083001398/good,,,,,,
https://www.ssfshop.com/BEANPOLE/GM0024083001399/good,,,,,,
https://www.ssfshop.com/BEANPOLE/GM0024083001401/good,,,,,,
https://www.ssfshop.com/BEANPOLE/GM0024082004112/good,,,,,,
https://www.ssfshop.com/BEANPOLE/GM0024082004114/good,,,,,,
https://www.ssfshop.com/BEANPOLE/GM0024082632390/good,,,,,,
https://www.ssfshop.com/BEANPOLE/GM0024082004115/good,,,,,,
https://www.ssfshop.com/BEANPOLE/GM0024081377192/good,,,,,,
https://www.ssfshop.com/BEANPOLE/GM0024082632389/good,,,,,,
https://www.ssfshop.com/BEANPOLE/GM0024072626787/good,,,,,,
https://www.ssfshop.com/BEANPOLE/GM0024070967064/good,,,,,,
https://www.ssfshop.com/BEANPOLE/GM0024062596989/good,,,,,,
https://www.ssfshop.com/BEANPOLE/GM0024062596988/good,,,,,,
https://www.ssfshop.com/BEANPOLE/GM0024072287100/good,,,,,,
https://www.ssfshop.com/BEANPOLE/GM0024070967065/good,,,,,,
https://www.ssfshop.com/BEANPOLE/GM0024072407798/good,,,,,,
https://www.ssfshop.com/BEANPOLE/GM0024070138172/good,,,,,,
https://www.ssfshop.com/BEANPOLE/GM0024072287101/good,,,,,,
https://www.ssfshop.com/BEANPOLE/GM0024070244051/good,,,,,,
https://www.ssfshop.com/BEANPOLE/GM0024070244049/good,,,,,,
https://www.ssfshop.com/BEANPOLE/GM0024070138173/good,,,,,,
https://www.ssfshop.com/BEANPOLE/GM0024062596990/good,,,,,,
https://www.ssfshop.com/BEANPOLE/GM0024070244048/good,,,,,,
https://www.ssfshop.com/BEANPOLE/GM0024070244050/good,,,,,,
https://www.ssfshop.com/BEANPOLE/GM0024070138176/good,,,,,,
https://www.ssfshop.com/BEANPOLE/GM0024070244053/good,,,,,,
https://www.ssfshop.com/BEANPOLE/GM0024070138175/good,,,,,,
https://www.ssfshop.com/BEANPOLE/GM0024051007325/good,,,,,,
https://www.ssfshop.com/BEANPOLE/GM0024050773922/good,,,,,,
https://www.ssfshop.com/BEANPOLE/GM0024052057513/good,,,,,,
https://www.ssfshop.com/BEANPOLE/GM0023122958368/good,,,,,,
https://www.ssfshop.com/BEANPOLE/GM0024020891214/good,,,,,,
https://www.ssfshop.com/BEANPOLE/GM0024032718472/good,,,,,,
https://www.ssfshop.com/BEANPOLE/GM0024052057514/good,,,,,,
https://www.ssfshop.com/BEANPOLE/GM0024013021106/good,,,,,,
https://www.ssfshop.com/BEANPOLE/GM0024061727581/good,,,,,,
https://www.ssfshop.com/BEANPOLE/GM0024061727580/good,,,,,,
https://www.ssfshop.com/BEANPOLE/GM0024040984660/good,,,,,,
https://www.ssfshop.com/BEANPOLE/GM0024051433233/good,,,,,,
https://www.ssfshop.com/BEANPOLE/GM0024011153726/good,,,,,,
https://www.ssfshop.com/BEANPOLE/GM0024032501170/good,,,,,,
https://www.ssfshop.com/BEANPOLE/GM0024042267545/good,,,,,,
https://www.ssfshop.com/BEANPOLE/GM0024010389078/good,,,,,,
https://www.ssfshop.com/BEANPOLE/GM0024031304793/good,,,,,,
https://www.ssfshop.com/BEANPOLE/GM0024020891215/good,,,,,,
https://www.ssfshop.com/BEANPOLE/GM0024032718474/good,,,,,,
https://www.ssfshop.com/BEANPOLE/GM0024041620446/good,,,,,,
https://www.ssfshop.com/BEANPOLE/GM0023122958372/good,,,,,,
https://www.ssfshop.com/BEANPOLE/GM0024013021126/good,,,,,,
https://www.ssfshop.com/BEANPOLE/GM0023122958365/good,,,,,,
https://www.ssfshop.com/BEANPOLE/GM0024013021116/good,,,,,,
https://www.ssfshop.com/BEANPOLE/GM0024040249923/good,,,,,,
https://www.ssfshop.com/BEANPOLE/GM0024022929192/good,,,,,,
https://www.ssfshop.com/BEANPOLE/GM0024041620445/good,,,,,,
https://www.ssfshop.com/BEANPOLE/GM0024020891212/good,,,,,,
https://www.ssfshop.com/BEANPOLE/GM0024032501168/good,,,,,,
https://www.ssfshop.com/BEANPOLE/GM0024042267544/good,,,,,,
https://www.ssfshop.com/BEANPOLE/GM0024040148960/good,,,,,,
https://www.ssfshop.com/BEANPOLE/GM0024040984658/good,,,,,,
https://www.ssfshop.com/BEANPOLE/GM0024040148957/good,,,,,,
https://www.ssfshop.com/BEANPOLE/GM0024013021112/good,,,,,,
https://www.ssfshop.com/BEANPOLE/GM0024011700313/good,,,,,,
https://www.ssfshop.com/BEANPOLE/GM0024040149042/good,,,,,,
https://www.ssfshop.com/BEANPOLE/GM0024012913340/good,,,,,,
https://www.ssfshop.com/BEANPOLE/GM0024042267543/good,,,,,,
https://www.ssfshop.com/BEANPOLE/GM0023121371542/good,,,,,,
https://www.ssfshop.com/BEANPOLE/GM0024040984661/good,,,,,,
https://www.ssfshop.com/BEANPOLE/GM0024011700315/good,,,,,,
https://www.ssfshop.com/BEANPOLE/GM0024040984659/good,,,,,,
https://www.ssfshop.com/BEANPOLE/GM0024041508280/good,,,,,,
https://www.ssfshop.com/BEANPOLE/GM0024040149040/good,,,,,,
https://www.ssfshop.com/BEANPOLE/GM0024032501171/good,,,,,,
https://www.ssfshop.com/BEANPOLE/GM0024040149038/good,,,,,,
https://www.ssfshop.com/BEANPOLE/GM0024030542313/good,,,,,,
https://www.ssfshop.com/BEANPOLE/GM0024051330609/good,,,,,,
https://www.ssfshop.com/BEANPOLE/GM0024040148956/good,,,,,,
https://www.ssfshop.com/BEANPOLE/GM0024043044175/good,,,,,,
https://www.ssfshop.com/BEANPOLE/GM0024051330610/good,,,,,,
https://www.ssfshop.com/BEANPOLE/GM0024040149039/good,,,,,,
https://www.ssfshop.com/BEANPOLE/GM0024031304792/good,,,,,,
https://www.ssfshop.com/BEANPOLE/GM0024051330608/good,,,,,,
https://www.ssfshop.com/BEANPOLE/GM0024040567704/good,,,,,,
https://www.ssfshop.com/BEANPOLE/GM0023122958374/good,,,,,,
https://www.ssfshop.com/BEANPOLE/GM0024022926454/good,,,,,,
https://www.ssfshop.com/BEANPOLE/GM0024040249922/good,,,,,,
https://www.ssfshop.com/BEANPOLE/GM0024040567705/good,,,,,,
https://www.ssfshop.com/BEANPOLE/GM0024012913342/good,,,,,,
https://www.ssfshop.com/BEANPOLE/GM0024012913341/good,,,,,,
https://www.ssfshop.com/BEANPOLE/GM0024022929193/good,,,,,,
https://www.ssfshop.com/BEANPOLE/GM0024040249924/good,,,,,,
https://www.ssfshop.com/BEANPOLE/GM0024020140681/good,,,,,,
https://www.ssfshop.com/BEANPOLE/GM0024013021108/good,,,,,,
https://www.ssfshop.com/BEANPOLE/GM0023122641983/good,,,,,,
https://www.ssfshop.com/BEANPOLE/GM0024020140683/good,,,,,,
https://www.ssfshop.com/BEANPOLE/GM0023121371539/good,,,,,,
https://www.ssfshop.com/BEANPOLE/GM0024012589385/good,,,,,,
https://www.ssfshop.com/BEANPOLE/GM0024011700316/good,,,,,,
https://www.ssfshop.com/BEANPOLE/GM0024022929195/good,,,,,,
https://www.ssfshop.com/BEANPOLE/GM0024022926452/good,,,,,,
https://www.ssfshop.com/BEANPOLE/GM0024020140682/good,,,,,,
https://www.ssfshop.com/BEANPOLE/GM0023122641984/good,,,,,,
https://www.ssfshop.com/BEANPOLE/GM0024020140684/good,,,,,,
https://www.ssfshop.com/BEANPOLE/GM0024031187834/good,,,,,,
https://www.ssfshop.com/BEANPOLE/GM0023121371541/good,,,,,,
https://www.ssfshop.com/BEANPOLE/GM0024013021114/good,,,,,,
https://www.ssfshop.com/BEANPOLE/GM0024011700317/good,,,,,,
https://www.ssfshop.com/BEANPOLE/GM0023122641985/good,,,,,,
https://www.ssfshop.com/BEANPOLE/GM0024022926450/good,,,,,,
https://www.ssfshop.com/BEANPOLE/GM0024022929194/good,,,,,,
https://www.ssfshop.com/BEANPOLE/GM0024012589384/good,,,,,,
https://www.ssfshop.com/BEANPOLE/GM0024012913343/good,,,,,,
https://www.ssfshop.com/BEANPOLE/GM0024013021120/good,,,,,,
https://www.ssfshop.com/BEANPOLE/GM0024020772245/good,,,,,,
https://www.ssfshop.com/BEANPOLE/GM0024013021119/good,,,,,,
https://www.ssfshop.com/BEANPOLE/GM0024013021105/good,,,,,,
https://www.ssfshop.com/BEANPOLE/GM0023120627478/good,,,,,,
https://www.ssfshop.com/BEANPOLE/GM0024013021124/good,,,,,,
https://www.ssfshop.com/BEANPOLE/GM0024013021104/good,,,,,,
https://www.ssfshop.com/BEANPOLE/GM0024013021115/good,,,,,,
https://www.ssfshop.com/BEANPOLE/GM0024013021113/good,,,,,,
https://www.ssfshop.com/BEANPOLE/GM0024013021110/good,,,,,,
https://www.ssfshop.com/BEANPOLE/GM0024013021107/good,,,,,,
https://www.ssfshop.com/BEANPOLE/GM0024013021111/good,,,,,,
https://www.ssfshop.com/BEANPOLE/GM0023120627481/good,,,,,,
https://www.ssfshop.com/BEANPOLE/GM0024013021122/good,,,,,,
https://www.ssfshop.com/BEANPOLE/GM0024013021123/good,,,,,,
https://www.ssfshop.com/BEANPOLE/GM0024013021117/good,,,,,,
https://www.ssfshop.com/BEANPOLE/GM0024013021109/good,,,,,,
https://www.ssfshop.com/BEANPOLE/GM0024013021127/good,,,,,,
https://www.ssfshop.com/BEANPOLE/GM0024013021125/good,,,,,,
https://www.ssfshop.com/BEANPOLE/GM0024013021121/good,,,,,,
https://www.ssfshop.com/BEANPOLE/GM0024031961635/good,,,,,,
https://www.ssfshop.com/BEANPOLE/GM0023120627480/good,,,,,,
https://www.ssfshop.com/BEANPOLE/GM0024031961634/good,,,,,,
https://www.ssfshop.com/BEANPOLE/GM0023120627483/good,,,,,,
https://www.ssfshop.com/BEANPOLE/GM0024031961636/good,,,,,,
https://www.ssfshop.com/BEANPOLE/GM0023120627479/good,,,,,,
https://www.ssfshop.com/BEANPOLE/GM0023120627484/good,,,,,,
https://www.ssfshop.com/BEANPOLE/GM0023120627482/good,,,,,,
https://www.ssfshop.com/BEANPOLE/GM0023120738013/good,,,,,,
https://www.ssfshop.com/BEANPOLE/GM0023101363892/good,,,,,,
https://www.ssfshop.com/BEANPOLE/GM0023120738014/good,,,,,,
https://www.ssfshop.com/BEANPOLE/GM0023082302720/good,,,,,,
https://www.ssfshop.com/BEANPOLE/GM0023101363893/good,,,,,,
https://www.ssfshop.com/BEANPOLE/GM0023062897638/good,,,,,,
https://www.ssfshop.com/BEANPOLE/GM0023100523970/good,,,,,,
https://www.ssfshop.com/BEANPOLE/GM0023091538942/good,,,,,,
https://www.ssfshop.com/BEANPOLE/GM0023092792897/good,,,,,,
https://www.ssfshop.com/BEANPOLE/GM0023071714603/good,,,,,,
https://www.ssfshop.com/BEANPOLE/GM0023083039393/good,,,,,,
https://www.ssfshop.com/BEANPOLE/GM0023091952553/good,,,,,,
https://www.ssfshop.com/BEANPOLE/GM0023101363919/good,,,,,,
https://www.ssfshop.com/BEANPOLE/GM0023083039394/good,,,,,,
https://www.ssfshop.com/BEANPOLE/GM0023082302722/good,,,,,,
https://www.ssfshop.com/BEANPOLE/GM0023101363891/good,,,,,,
https://www.ssfshop.com/BEANPOLE/GM0023071714602/good,,,,,,
https://www.ssfshop.com/BEANPOLE/GM0023092792899/good,,,,,,
https://www.ssfshop.com/BEANPOLE/GM0023100523967/good,,,,,,
https://www.ssfshop.com/BEANPOLE/GM0023092057095/good,,,,,,
https://www.ssfshop.com/BEANPOLE/GM0023062688661/good,,,,,,
https://www.ssfshop.com/BEANPOLE/GM0023062897635/good,,,,,,
https://www.ssfshop.com/BEANPOLE/GM0023062897636/good,,,,,,
https://www.ssfshop.com/BEANPOLE/GM0023092792896/good,,,,,,
https://www.ssfshop.com/BEANPOLE/GM0023071714598/good,,,,,,
https://www.ssfshop.com/BEANPOLE/GM0023062897639/good,,,,,,
https://www.ssfshop.com/BEANPOLE/GM0023062384293/good,,,,,,
https://www.ssfshop.com/BEANPOLE/GM0023062384292/good,,,,,,
https://www.ssfshop.com/BEANPOLE/GM0023071714604/good,,,,,,
https://www.ssfshop.com/BEANPOLE/GM0023062384289/good,,,,,,
https://www.ssfshop.com/BEANPOLE/GM0023071714600/good,,,,,,
https://www.ssfshop.com/BEANPOLE/GM0023070427988/good,,,,,,
https://www.ssfshop.com/BEANPOLE/GM0023021581679/good,,,,,,
https://www.ssfshop.com/BEANPOLE/GM0023021587917/good,,,,,,
https://www.ssfshop.com/BEANPOLE/GM0022122919204/good,,,,,,
https://www.ssfshop.com/BEANPOLE/GM0023021587928/good,,,,,,
https://www.ssfshop.com/BEANPOLE/GM0023021797104/good,,,,,,
https://www.ssfshop.com/BEANPOLE/GM0023021581680/good,,,,,,
https://www.ssfshop.com/BEANPOLE/GM0023021587923/good,,,,,,
https://www.ssfshop.com/BEANPOLE/GM0023010324501/good,,,,,,
https://www.ssfshop.com/BEANPOLE/GM0022121500435/good,,,,,,
https://www.ssfshop.com/BEANPOLE/GM0023021587932/good,,,,,,
https://www.ssfshop.com/BEANPOLE/GM0024080167698/good,,,,,,
https://www.ssfshop.com/BEANPOLE/GM0023122958370/good,,,,,,
https://www.ssfshop.com/BEANPOLE/GM0024010389075/good,,,,,,
https://www.ssfshop.com/BEANPOLE/GM0024040250578/good,,,,,,
