https://www.ssfshop.com/BEANPOLE/GM0024090246357/good,,,,,,½ºÄ¿Æ®
https://www.ssfshop.com/BEANPOLE/GR1X24091196976/good,,,,,,
https://www.ssfshop.com/BEANPOLE/GM0024082096429/good,,,,,,
https://www.ssfshop.com/BEANPOLE/GM0024081376968/good,,,,,,
https://www.ssfshop.com/BEANPOLE/GM0024082089489/good,,,,,,
https://www.ssfshop.com/BEANPOLE/GM0024070138170/good,,,,,,
https://www.ssfshop.com/BEANPOLE/GM0024082114802/good,,,,,,
https://www.ssfshop.com/BEANPOLE/GM0024073157909/good,,,,,,
https://www.ssfshop.com/BEANPOLE/GM0024090381192/good,,,,,,
https://www.ssfshop.com/BEANPOLE/GM0024082222341/good,,,,,,
https://www.ssfshop.com/BEANPOLE/GM0024071185576/good,,,,,,
https://www.ssfshop.com/BEANPOLE/GM0024090376796/good,,,,,,
https://www.ssfshop.com/BEANPOLE/GM0024090246358/good,,,,,,
https://www.ssfshop.com/BEANPOLE/GM0024082096431/good,,,,,,
https://www.ssfshop.com/BEANPOLE/GM0024072522899/good,,,,,,
https://www.ssfshop.com/BEANPOLE/GM0024073160152/good,,,,,,
https://www.ssfshop.com/BEANPOLE/GM0024062599131/good,,,,,,
https://www.ssfshop.com/BEANPOLE/GPSO24082116152/good,,,,,,
https://www.ssfshop.com/BEANPOLE/GM0024071865167/good,,,,,,
https://www.ssfshop.com/BEANPOLE/GM0024071866800/good,,,,,,
https://www.ssfshop.com/BEANPOLE/GM0024090683046/good,,,,,,
https://www.ssfshop.com/BEANPOLE/GM0024082114908/good,,,,,,
https://www.ssfshop.com/BEANPOLE/GM0024071289276/good,,,,,,
https://www.ssfshop.com/BEANPOLE/GM0024082222343/good,,,,,,
https://www.ssfshop.com/BEANPOLE/GM0024080167694/good,,,,,,
https://www.ssfshop.com/BEANPOLE/GPSO24081260147/good,,,,,,
https://www.ssfshop.com/BEANPOLE/GM0024053017297/good,,,,,,
https://www.ssfshop.com/BEANPOLE/GM0024071526116/good,,,,,,
https://www.ssfshop.com/BEANPOLE/GM0024071865166/good,,,,,,
https://www.ssfshop.com/BEANPOLE/GM0024083095585/good,,,,,,
https://www.ssfshop.com/BEANPOLE/GM0024072287106/good,,,,,,
https://www.ssfshop.com/BEANPOLE/GM0024081240932/good,,,,,,
https://www.ssfshop.com/BEANPOLE/GM0024081645115/good,,,,,,
https://www.ssfshop.com/BEANPOLE/GM0024082341176/good,,,,,,
https://www.ssfshop.com/BEANPOLE/GM0024071865172/good,,,,,,
https://www.ssfshop.com/BEANPOLE/GM0024061209620/good,,,,,,
https://www.ssfshop.com/BEANPOLE/GR9324082752393/good,,,,,,
https://www.ssfshop.com/BEANPOLE/GM0024082642117/good,,,,,,
https://www.ssfshop.com/BEANPOLE/GPSO24080274592/good,,,,,,
https://www.ssfshop.com/BEANPOLE/GM0024082341417/good,,,,,,
https://www.ssfshop.com/BEANPOLE/GM0024083001395/good,,,,,,
https://www.ssfshop.com/BEANPOLE/GM0024082636067/good,,,,,,
https://www.ssfshop.com/BEANPOLE/GM0024090376797/good,,,,,,
https://www.ssfshop.com/BEANPOLE/GM0024082096432/good,,,,,,
https://www.ssfshop.com/BEANPOLE/GM0024072522900/good,,,,,,
https://www.ssfshop.com/BEANPOLE/GM0024082114910/good,,,,,,
https://www.ssfshop.com/BEANPOLE/GM0024082636065/good,,,,,,
https://www.ssfshop.com/BEANPOLE/GM0024082096433/good,,,,,,
https://www.ssfshop.com/BEANPOLE/GM0024073157908/good,,,,,,
https://www.ssfshop.com/BEANPOLE/GPSO24072939330/good,,,,,,
https://www.ssfshop.com/BEANPOLE/GM0024080703055/good,,,,,,
https://www.ssfshop.com/BEANPOLE/GM0024062713693/good,,,,,,
https://www.ssfshop.com/BEANPOLE/GM0024080860228/good,,,,,,
https://www.ssfshop.com/BEANPOLE/GM0024081385211/good,,,,,,
https://www.ssfshop.com/BEANPOLE/GM0024082788583/good,,,,,,
https://www.ssfshop.com/BEANPOLE/GM0024080860229/good,,,,,,
https://www.ssfshop.com/BEANPOLE/GM0024081971741/good,,,,,,
https://www.ssfshop.com/BEANPOLE/GM0024070246369/good,,,,,,
https://www.ssfshop.com/BEANPOLE/GM0024071865168/good,,,,,,
https://www.ssfshop.com/BEANPOLE/GM0024090679139/good,,,,,,
https://www.ssfshop.com/BEANPOLE/GM0024083001393/good,,,,,,
https://www.ssfshop.com/BEANPOLE/GM0024081240933/good,,,,,,
https://www.ssfshop.com/BEANPOLE/GM0024070409160/good,,,,,,
https://www.ssfshop.com/BEANPOLE/GM0024072399175/good,,,,,,
https://www.ssfshop.com/BEANPOLE/GM0024090409253/good,,,,,,
https://www.ssfshop.com/BEANPOLE/GM0024083095365/good,,,,,,
https://www.ssfshop.com/BEANPOLE/GM0024080693626/good,,,,,,
https://www.ssfshop.com/BEANPOLE/GM0024073160153/good,,,,,,
https://www.ssfshop.com/BEANPOLE/GM0024091192848/good,,,,,,
https://www.ssfshop.com/BEANPOLE/GM0024082790148/good,,,,,,
https://www.ssfshop.com/BEANPOLE/GM0024081649162/good,,,,,,
https://www.ssfshop.com/BEANPOLE/GM0024081240961/good,,,,,,
https://www.ssfshop.com/BEANPOLE/GM0024082096424/good,,,,,,
https://www.ssfshop.com/BEANPOLE/GM0024082114919/good,,,,,,
https://www.ssfshop.com/BEANPOLE/GM0024090543140/good,,,,,,
https://www.ssfshop.com/BEANPOLE/GM0024072287416/good,,,,,,
https://www.ssfshop.com/BEANPOLE/GM0024090679140/good,,,,,,
https://www.ssfshop.com/BEANPOLE/GM0024080272310/good,,,,,,
https://www.ssfshop.com/BEANPOLE/GM0024070863253/good,,,,,,
https://www.ssfshop.com/BEANPOLE/GM0024071865160/good,,,,,,
https://www.ssfshop.com/BEANPOLE/GM0024071970263/good,,,,,,
https://www.ssfshop.com/BEANPOLE/GM0024082096427/good,,,,,,
https://www.ssfshop.com/BEANPOLE/GM0024072407796/good,,,,,,
https://www.ssfshop.com/BEANPOLE/GM0024071863397/good,,,,,,
https://www.ssfshop.com/BEANPOLE/GM0024082835157/good,,,,,,
https://www.ssfshop.com/BEANPOLE/GP2N24080859278/good,,,,,,
https://www.ssfshop.com/BEANPOLE/GM0024082341194/good,,,,,,
https://www.ssfshop.com/BEANPOLE/GM0024082114799/good,,,,,,
https://www.ssfshop.com/BEANPOLE/GM0024081970726/good,,,,,,
https://www.ssfshop.com/BEANPOLE/GM0024060545641/good,,,,,,
https://www.ssfshop.com/BEANPOLE/GM0024081649152/good,,,,,,
https://www.ssfshop.com/BEANPOLE/GM0024073048778/good,,,,,,
https://www.ssfshop.com/BEANPOLE/GM0024071525800/good,,,,,,
https://www.ssfshop.com/BEANPOLE/GM0024080600961/good,,,,,,
https://www.ssfshop.com/BEANPOLE/GM0024072523742/good,,,,,,
https://www.ssfshop.com/BEANPOLE/GR1X24062596948/good,,,,,,
https://www.ssfshop.com/BEANPOLE/GM0024071865163/good,,,,,,
https://www.ssfshop.com/BEANPOLE/GM0024081975206/good,,,,,,
https://www.ssfshop.com/BEANPOLE/GM0024082788327/good,,,,,,
https://www.ssfshop.com/BEANPOLE/GM0024090409252/good,,,,,,
https://www.ssfshop.com/BEANPOLE/GM0024081385213/good,,,,,,
https://www.ssfshop.com/BEANPOLE/GM0024091327265/good,,,,,,
https://www.ssfshop.com/BEANPOLE/GM0024081240960/good,,,,,,
https://www.ssfshop.com/BEANPOLE/GM0024071865169/good,,,,,,
https://www.ssfshop.com/BEANPOLE/GP2N24080859282/good,,,,,,
https://www.ssfshop.com/BEANPOLE/GM0024090383622/good,,,,,,
https://www.ssfshop.com/BEANPOLE/GM0024082003932/good,,,,,,
https://www.ssfshop.com/BEANPOLE/GR9324082755491/good,,,,,,
https://www.ssfshop.com/BEANPOLE/GM0024090679102/good,,,,,,
https://www.ssfshop.com/BEANPOLE/GM0024081982623/good,,,,,,
https://www.ssfshop.com/BEANPOLE/GR9324082642271/good,,,,,,
https://www.ssfshop.com/BEANPOLE/GM0024080859942/good,,,,,,
https://www.ssfshop.com/BEANPOLE/GM0024082968219/good,,,,,,
https://www.ssfshop.com/BEANPOLE/GM0024082835156/good,,,,,,
https://www.ssfshop.com/BEANPOLE/GM0024073048777/good,,,,,,
https://www.ssfshop.com/BEANPOLE/GM0024072287417/good,,,,,,
https://www.ssfshop.com/BEANPOLE/GM0024080580222/good,,,,,,
https://www.ssfshop.com/BEANPOLE/GM0024072627074/good,,,,,,
https://www.ssfshop.com/BEANPOLE/GM0024081645116/good,,,,,,
https://www.ssfshop.com/BEANPOLE/GM0024082835773/good,,,,,,
https://www.ssfshop.com/BEANPOLE/GM0024082339521/good,,,,,,
https://www.ssfshop.com/BEANPOLE/GM0024091327272/good,,,,,,
https://www.ssfshop.com/BEANPOLE/GM0024062713698/good,,,,,,
https://www.ssfshop.com/BEANPOLE/GM0024060545658/good,,,,,,
https://www.ssfshop.com/BEANPOLE/GM0024062063421/good,,,,,,
https://www.ssfshop.com/BEANPOLE/GM0024091192815/good,,,,,,
https://www.ssfshop.com/BEANPOLE/GM0024080864894/good,,,,,,
https://www.ssfshop.com/BEANPOLE/GM0024071866799/good,,,,,,
https://www.ssfshop.com/BEANPOLE/GM0024080921542/good,,,,,,
https://www.ssfshop.com/BEANPOLE/GM0024070546792/good,,,,,,
https://www.ssfshop.com/BEANPOLE/GM0024090547274/good,,,,,,
https://www.ssfshop.com/BEANPOLE/GM0024072523743/good,,,,,,
https://www.ssfshop.com/BEANPOLE/GM0024091327236/good,,,,,,
https://www.ssfshop.com/BEANPOLE/GM0024052059247/good,,,,,,
https://www.ssfshop.com/BEANPOLE/GP2N24082116156/good,,,,,,
https://www.ssfshop.com/BEANPOLE/GQAS24082097264/good,,,,,,
https://www.ssfshop.com/BEANPOLE/GM0024081377237/good,,,,,,
https://www.ssfshop.com/BEANPOLE/GR9324082754318/good,,,,,,
https://www.ssfshop.com/BEANPOLE/GM0024071289269/good,,,,,,
https://www.ssfshop.com/BEANPOLE/GM0024072408672/good,,,,,,
https://www.ssfshop.com/BEANPOLE/GM0024070546749/good,,,,,,
https://www.ssfshop.com/BEANPOLE/GM0024091325693/good,,,,,,
https://www.ssfshop.com/BEANPOLE/GM0024071749846/good,,,,,,
https://www.ssfshop.com/BEANPOLE/GM0024081968926/good,,,,,,
https://www.ssfshop.com/BEANPOLE/GM0024070546747/good,,,,,,
https://www.ssfshop.com/BEANPOLE/GM0024071185533/good,,,,,,
https://www.ssfshop.com/BEANPOLE/GM0024070136952/good,,,,,,
https://www.ssfshop.com/BEANPOLE/GM0024072937171/good,,,,,,
https://www.ssfshop.com/BEANPOLE/GM0024070546743/good,,,,,,
https://www.ssfshop.com/BEANPOLE/GM0024081649131/good,,,,,,
https://www.ssfshop.com/BEANPOLE/GM0024090542949/good,,,,,,
https://www.ssfshop.com/BEANPOLE/GM0024081649154/good,,,,,,
https://www.ssfshop.com/BEANPOLE/GPSO24081260152/good,,,,,,
https://www.ssfshop.com/BEANPOLE/GR9324082642193/good,,,,,,
https://www.ssfshop.com/BEANPOLE/GM0024070136918/good,,,,,,
https://www.ssfshop.com/BEANPOLE/GM0024080600960/good,,,,,,
https://www.ssfshop.com/BEANPOLE/GM0024062488481/good,,,,,,
https://www.ssfshop.com/BEANPOLE/GM0024071865164/good,,,,,,
https://www.ssfshop.com/BEANPOLE/GQ3A24082345753/good,,,,,,
https://www.ssfshop.com/BEANPOLE/GM0024062488493/good,,,,,,
https://www.ssfshop.com/BEANPOLE/GM0024072628665/good,,,,,,
https://www.ssfshop.com/BEANPOLE/GQSD24091100740/good,,,,,,
https://www.ssfshop.com/BEANPOLE/GM0024060546599/good,,,,,,
https://www.ssfshop.com/BEANPOLE/GQYI24090677718/good,,,,,,
https://www.ssfshop.com/BEANPOLE/GM0024080864905/good,,,,,,
https://www.ssfshop.com/BEANPOLE/GM0024070546746/good,,,,,,
https://www.ssfshop.com/BEANPOLE/GM0024082835772/good,,,,,,
https://www.ssfshop.com/BEANPOLE/GM0024071866780/good,,,,,,
https://www.ssfshop.com/BEANPOLE/GM0024081376991/good,,,,,,
https://www.ssfshop.com/BEANPOLE/GM0024080921556/good,,,,,,
https://www.ssfshop.com/BEANPOLE/GM0024061207650/good,,,,,,
https://www.ssfshop.com/BEANPOLE/GM0024081240963/good,,,,,,
https://www.ssfshop.com/BEANPOLE/GM0024072627075/good,,,,,,
https://www.ssfshop.com/BEANPOLE/GM0024052913095/good,,,,,,
https://www.ssfshop.com/BEANPOLE/GM0024081249515/good,,,,,,
https://www.ssfshop.com/BEANPOLE/GM0024083095368/good,,,,,,
https://www.ssfshop.com/BEANPOLE/GM0024080697074/good,,,,,,
https://www.ssfshop.com/BEANPOLE/GM0024071865171/good,,,,,,
https://www.ssfshop.com/BEANPOLE/GM0024091327234/good,,,,,,
https://www.ssfshop.com/BEANPOLE/GPSO24080274606/good,,,,,,
https://www.ssfshop.com/BEANPOLE/GM0024082096425/good,,,,,,
https://www.ssfshop.com/BEANPOLE/GM0024082630266/good,,,,,,
https://www.ssfshop.com/BEANPOLE/GM0024070243839/good,,,,,,
https://www.ssfshop.com/BEANPOLE/GM0024073158323/good,,,,,,
https://www.ssfshop.com/BEANPOLE/GRDH24091213192/good,,,,,,
https://www.ssfshop.com/BEANPOLE/GM0024072399624/good,,,,,,
https://www.ssfshop.com/BEANPOLE/GM0024053122629/good,,,,,,
https://www.ssfshop.com/BEANPOLE/GM0024080703064/good,,,,,,
https://www.ssfshop.com/BEANPOLE/GM0024091325694/good,,,,,,
https://www.ssfshop.com/BEANPOLE/GM0024080697095/good,,,,,,
https://www.ssfshop.com/BEANPOLE/GM0024073160151/good,,,,,,
https://www.ssfshop.com/BEANPOLE/GM0024071525729/good,,,,,,
https://www.ssfshop.com/BEANPOLE/GM0024082096428/good,,,,,,
https://www.ssfshop.com/BEANPOLE/GM0024082835681/good,,,,,,
https://www.ssfshop.com/BEANPOLE/GM0024072399174/good,,,,,,
https://www.ssfshop.com/BEANPOLE/GM0024080695723/good,,,,,,
https://www.ssfshop.com/BEANPOLE/GM0024082116200/good,,,,,,
https://www.ssfshop.com/BEANPOLE/GM0024090547266/good,,,,,,
https://www.ssfshop.com/BEANPOLE/GM0024072408663/good,,,,,,
https://www.ssfshop.com/BEANPOLE/GM0024062599133/good,,,,,,
https://www.ssfshop.com/BEANPOLE/GM0024070139494/good,,,,,,
https://www.ssfshop.com/BEANPOLE/GM0024070409161/good,,,,,,
https://www.ssfshop.com/BEANPOLE/GM0024080703625/good,,,,,,
https://www.ssfshop.com/BEANPOLE/GM0024080600179/good,,,,,,
https://www.ssfshop.com/BEANPOLE/GM0024072628666/good,,,,,,
https://www.ssfshop.com/BEANPOLE/GM0024061206751/good,,,,,,
https://www.ssfshop.com/BEANPOLE/GM0024072523674/good,,,,,,
https://www.ssfshop.com/BEANPOLE/GM0024062490398/good,,,,,,
https://www.ssfshop.com/BEANPOLE/GM0024081382772/good,,,,,,
https://www.ssfshop.com/BEANPOLE/GRDH24091211811/good,,,,,,
https://www.ssfshop.com/BEANPOLE/GM0024070417283/good,,,,,,
https://www.ssfshop.com/BEANPOLE/GM0024071289264/good,,,,,,
https://www.ssfshop.com/BEANPOLE/GPD124081364755/good,,,,,,
https://www.ssfshop.com/BEANPOLE/GM0024062170479/good,,,,,,
https://www.ssfshop.com/BEANPOLE/GM0024071865170/good,,,,,,
https://www.ssfshop.com/BEANPOLE/GM0024061947895/good,,,,,,
https://www.ssfshop.com/BEANPOLE/GM0024080693746/good,,,,,,
https://www.ssfshop.com/BEANPOLE/GP2N24082973908/good,,,,,,
https://www.ssfshop.com/BEANPOLE/GM0024070136944/good,,,,,,
https://www.ssfshop.com/BEANPOLE/GM0024082792678/good,,,,,,
https://www.ssfshop.com/BEANPOLE/GM0024072937243/good,,,,,,
https://www.ssfshop.com/BEANPOLE/GM0024062491286/good,,,,,,
https://www.ssfshop.com/BEANPOLE/GM0024071185703/good,,,,,,
https://www.ssfshop.com/BEANPOLE/GQSD24091191621/good,,,,,,
https://www.ssfshop.com/BEANPOLE/GM0024061835991/good,,,,,,
https://www.ssfshop.com/BEANPOLE/GM0024080580209/good,,,,,,
https://www.ssfshop.com/BEANPOLE/GM0024070558210/good,,,,,,
https://www.ssfshop.com/BEANPOLE/GM0024082968055/good,,,,,,
https://www.ssfshop.com/BEANPOLE/GQ6424081426992/good,,,,,,
https://www.ssfshop.com/BEANPOLE/GQ3L24070971494/good,,,,,,
https://www.ssfshop.com/BEANPOLE/GM0024071289237/good,,,,,,
https://www.ssfshop.com/BEANPOLE/GM0024061315498/good,,,,,,
https://www.ssfshop.com/BEANPOLE/GM0024072290632/good,,,,,,
https://www.ssfshop.com/BEANPOLE/GQ2N24092438018/good,,,,,,
https://www.ssfshop.com/BEANPOLE/GM0024071185691/good,,,,,,
https://www.ssfshop.com/BEANPOLE/GM0024070546742/good,,,,,,
https://www.ssfshop.com/BEANPOLE/GM0024090241758/good,,,,,,
https://www.ssfshop.com/BEANPOLE/GM0024091327273/good,,,,,,
https://www.ssfshop.com/BEANPOLE/GM0024083095556/good,,,,,,
https://www.ssfshop.com/BEANPOLE/GM0024090553532/good,,,,,,
https://www.ssfshop.com/BEANPOLE/GM0024043044159/good,,,,,,
https://www.ssfshop.com/BEANPOLE/GM0024071749514/good,,,,,,
https://www.ssfshop.com/BEANPOLE/GM0024082636344/good,,,,,,
https://www.ssfshop.com/BEANPOLE/GM0024082835158/good,,,,,,
https://www.ssfshop.com/BEANPOLE/GM0024061315503/good,,,,,,
https://www.ssfshop.com/BEANPOLE/GM0024082116199/good,,,,,,
https://www.ssfshop.com/BEANPOLE/GQIX24020888628/good,,,,,,
https://www.ssfshop.com/BEANPOLE/GM0024090409042/good,,,,,,
https://www.ssfshop.com/BEANPOLE/GM0024071289238/good,,,,,,
https://www.ssfshop.com/BEANPOLE/GM0024072287063/good,,,,,,
https://www.ssfshop.com/BEANPOLE/GQ2N24090541938/good,,,,,,
https://www.ssfshop.com/BEANPOLE/GM0024082782559/good,,,,,,
https://www.ssfshop.com/BEANPOLE/GM0024070138171/good,,,,,,
https://www.ssfshop.com/BEANPOLE/GM0024080580208/good,,,,,,
https://www.ssfshop.com/BEANPOLE/GM0024071525945/good,,,,,,
https://www.ssfshop.com/BEANPOLE/GM0024090679083/good,,,,,,
https://www.ssfshop.com/BEANPOLE/GM0024070246353/good,,,,,,
https://www.ssfshop.com/BEANPOLE/GM0024072398982/good,,,,,,
https://www.ssfshop.com/BEANPOLE/GM0024071525723/good,,,,,,
https://www.ssfshop.com/BEANPOLE/GM0024071865161/good,,,,,,
https://www.ssfshop.com/BEANPOLE/GPG224062713191/good,,,,,,
https://www.ssfshop.com/BEANPOLE/GM0024053017296/good,,,,,,
https://www.ssfshop.com/BEANPOLE/GM0024070546748/good,,,,,,
https://www.ssfshop.com/BEANPOLE/GQ8C24090408927/good,,,,,,
https://www.ssfshop.com/BEANPOLE/GM0024070546745/good,,,,,,
https://www.ssfshop.com/BEANPOLE/GQIK24081262843/good,,,,,,
https://www.ssfshop.com/BEANPOLE/GPB924082007343/good,,,,,,
https://www.ssfshop.com/BEANPOLE/GM0024090542950/good,,,,,,
https://www.ssfshop.com/BEANPOLE/GM0024072937170/good,,,,,,
https://www.ssfshop.com/BEANPOLE/GM0024070546752/good,,,,,,
https://www.ssfshop.com/BEANPOLE/GM0024071865162/good,,,,,,
https://www.ssfshop.com/BEANPOLE/GPFVD24082633787/good,,,,,,
https://www.ssfshop.com/BEANPOLE/GM0024062488521/good,,,,,,
https://www.ssfshop.com/BEANPOLE/GQ2N24071971566/good,,,,,,
https://www.ssfshop.com/BEANPOLE/GM0024070369896/good,,,,,,
https://www.ssfshop.com/BEANPOLE/GPSO24082633719/good,,,,,,
https://www.ssfshop.com/BEANPOLE/GQ4124072294051/good,,,,,,
https://www.ssfshop.com/BEANPOLE/GR9324082752265/good,,,,,,
https://www.ssfshop.com/BEANPOLE/GQ4124072294076/good,,,,,,
https://www.ssfshop.com/BEANPOLE/GM0024081649153/good,,,,,,
https://www.ssfshop.com/BEANPOLE/GM0024070417285/good,,,,,,
https://www.ssfshop.com/BEANPOLE/GM0024071972155/good,,,,,,
https://www.ssfshop.com/BEANPOLE/GM0024053017302/good,,,,,,
https://www.ssfshop.com/BEANPOLE/GQAS24082097270/good,,,,,,
https://www.ssfshop.com/BEANPOLE/GPDN24090394060/good,,,,,,
https://www.ssfshop.com/BEANPOLE/GM0024070136916/good,,,,,,
https://www.ssfshop.com/BEANPOLE/GM0024053017294/good,,,,,,
https://www.ssfshop.com/BEANPOLE/GPG224062713228/good,,,,,,
https://www.ssfshop.com/BEANPOLE/GM0024081971753/good,,,,,,
https://www.ssfshop.com/BEANPOLE/GM0024072523740/good,,,,,,
https://www.ssfshop.com/BEANPOLE/GRDH24091212329/good,,,,,,
https://www.ssfshop.com/BEANPOLE/GR8D24090545537/good,,,,,,
https://www.ssfshop.com/BEANPOLE/GM0024072937471/good,,,,,,
https://www.ssfshop.com/BEANPOLE/GM0024072523741/good,,,,,,
https://www.ssfshop.com/BEANPOLE/GM0024082839012/good,,,,,,
https://www.ssfshop.com/BEANPOLE/GQPA24081982930/good,,,,,,
https://www.ssfshop.com/BEANPOLE/GM0024081968928/good,,,,,,
https://www.ssfshop.com/BEANPOLE/GPSO24082786116/good,,,,,,
https://www.ssfshop.com/BEANPOLE/GM0024081240962/good,,,,,,
https://www.ssfshop.com/BEANPOLE/GQSD24091193374/good,,,,,,
https://www.ssfshop.com/BEANPOLE/GR0D24082836484/good,,,,,,
https://www.ssfshop.com/BEANPOLE/GM0024062488494/good,,,,,,
https://www.ssfshop.com/BEANPOLE/GM0024072287031/good,,,,,,
https://www.ssfshop.com/BEANPOLE/GPG224082834599/good,,,,,,
https://www.ssfshop.com/BEANPOLE/GQSD24091100738/good,,,,,,
https://www.ssfshop.com/BEANPOLE/GM0024082116197/good,,,,,,
https://www.ssfshop.com/BEANPOLE/GPG224082834618/good,,,,,,
https://www.ssfshop.com/BEANPOLE/GQ8C24031189682/good,,,,,,
https://www.ssfshop.com/BEANPOLE/GM0024082968060/good,,,,,,
https://www.ssfshop.com/BEANPOLE/GR9324081649870/good,,,,,,
https://www.ssfshop.com/BEANPOLE/GM0024090383623/good,,,,,,
https://www.ssfshop.com/BEANPOLE/GQQM24090376576/good,,,,,,
https://www.ssfshop.com/BEANPOLE/GM0024082116012/good,,,,,,
https://www.ssfshop.com/BEANPOLE/GQS723081777631/good,,,,,,
https://www.ssfshop.com/BEANPOLE/GM0024071749871/good,,,,,,
https://www.ssfshop.com/BEANPOLE/GQPA24081986709/good,,,,,,
https://www.ssfshop.com/BEANPOLE/GQV924082230012/good,,,,,,
https://www.ssfshop.com/BEANPOLE/GQ4L24082974183/good,,,,,,
https://www.ssfshop.com/BEANPOLE/GRC424091199396/good,,,,,,
https://www.ssfshop.com/BEANPOLE/GQSD24091100742/good,,,,,,
https://www.ssfshop.com/BEANPOLE/GPVK24091191434/good,,,,,,
https://www.ssfshop.com/BEANPOLE/GQSD24091192119/good,,,,,,
https://www.ssfshop.com/BEANPOLE/GM0024082116224/good,,,,,,
https://www.ssfshop.com/BEANPOLE/GM0024050251604/good,,,,,,
https://www.ssfshop.com/BEANPOLE/GR9324082752167/good,,,,,,
https://www.ssfshop.com/BEANPOLE/GQ4124072294078/good,,,,,,
https://www.ssfshop.com/BEANPOLE/GQHHC24090418357/good,,,,,,
https://www.ssfshop.com/BEANPOLE/GPE624051332775/good,,,,,,
https://www.ssfshop.com/BEANPOLE/GM0024053017295/good,,,,,,
https://www.ssfshop.com/BEANPOLE/GPHK24082223263/good,,,,,,
https://www.ssfshop.com/BEANPOLE/GM0024081979895/good,,,,,,
https://www.ssfshop.com/BEANPOLE/GQX524082785638/good,,,,,,
https://www.ssfshop.com/BEANPOLE/GQV924082230090/good,,,,,,
https://www.ssfshop.com/BEANPOLE/GQHHG24073051667/good,,,,,,
https://www.ssfshop.com/BEANPOLE/GRB524082790277/good,,,,,,
https://www.ssfshop.com/BEANPOLE/GPVK24080919892/good,,,,,,
https://www.ssfshop.com/BEANPOLE/GQAS24090680203/good,,,,,,
https://www.ssfshop.com/BEANPOLE/GM0024083004064/good,,,,,,
https://www.ssfshop.com/BEANPOLE/GM0024061315497/good,,,,,,
https://www.ssfshop.com/BEANPOLE/GM0024053017303/good,,,,,,
https://www.ssfshop.com/BEANPOLE/GPPI24082630243/good,,,,,,
https://www.ssfshop.com/BEANPOLE/GM0024090241493/good,,,,,,
https://www.ssfshop.com/BEANPOLE/GM0024070243850/good,,,,,,
https://www.ssfshop.com/BEANPOLE/GQAS24090680206/good,,,,,,
https://www.ssfshop.com/BEANPOLE/GQS724082963984/good,,,,,,
https://www.ssfshop.com/BEANPOLE/GM0024071863275/good,,,,,,
https://www.ssfshop.com/BEANPOLE/GRA824083001764/good,,,,,,
https://www.ssfshop.com/BEANPOLE/GQQX24090858911/good,,,,,,
https://www.ssfshop.com/BEANPOLE/GP2N24082116157/good,,,,,,
https://www.ssfshop.com/BEANPOLE/GQ2N24073051820/good,,,,,,
https://www.ssfshop.com/BEANPOLE/GQS723081468842/good,,,,,,
https://www.ssfshop.com/BEANPOLE/GQI724090689076/good,,,,,,
https://www.ssfshop.com/BEANPOLE/GM0024061315504/good,,,,,,
https://www.ssfshop.com/BEANPOLE/GPHS24090916302/good,,,,,,
https://www.ssfshop.com/BEANPOLE/GM0024083096308/good,,,,,,
https://www.ssfshop.com/BEANPOLE/GQS724090541346/good,,,,,,
https://www.ssfshop.com/BEANPOLE/GM0024070136951/good,,,,,,
https://www.ssfshop.com/BEANPOLE/GM0024070417355/good,,,,,,
https://www.ssfshop.com/BEANPOLE/GQMK24081424248/good,,,,,,
https://www.ssfshop.com/BEANPOLE/GM0024071289560/good,,,,,,
https://www.ssfshop.com/BEANPOLE/GPHK24082223247/good,,,,,,
https://www.ssfshop.com/BEANPOLE/GM0024073160150/good,,,,,,
https://www.ssfshop.com/BEANPOLE/GM0024062710236/good,,,,,,
https://www.ssfshop.com/BEANPOLE/GM0024083096306/good,,,,,,
https://www.ssfshop.com/BEANPOLE/GM0024062710235/good,,,,,,
https://www.ssfshop.com/BEANPOLE/GPHS24090916255/good,,,,,,
https://www.ssfshop.com/BEANPOLE/GP9X24091100707/good,,,,,,
https://www.ssfshop.com/BEANPOLE/GM0024070136917/good,,,,,,
https://www.ssfshop.com/BEANPOLE/GQKD24082633769/good,,,,,,
https://www.ssfshop.com/BEANPOLE/GM0024062063152/good,,,,,,
https://www.ssfshop.com/BEANPOLE/GM0024061087294/good,,,,,,
https://www.ssfshop.com/BEANPOLE/GM0024080693747/good,,,,,,
https://www.ssfshop.com/BEANPOLE/GQN124090542890/good,,,,,,
https://www.ssfshop.com/BEANPOLE/GPHS24090916306/good,,,,,,
https://www.ssfshop.com/BEANPOLE/GM0024072287065/good,,,,,,
https://www.ssfshop.com/BEANPOLE/GM0024062490400/good,,,,,,
https://www.ssfshop.com/BEANPOLE/GM0024062607592/good,,,,,,
https://www.ssfshop.com/BEANPOLE/GM0024072399180/good,,,,,,
https://www.ssfshop.com/BEANPOLE/GM0024071972153/good,,,,,,
https://www.ssfshop.com/BEANPOLE/GQN124071970329/good,,,,,,
https://www.ssfshop.com/BEANPOLE/GQ3A24080695635/good,,,,,,
https://www.ssfshop.com/BEANPOLE/GM0024052490402/good,,,,,,
https://www.ssfshop.com/BEANPOLE/GM0024060769879/good,,,,,,
https://www.ssfshop.com/BEANPOLE/GPSO24090541392/good,,,,,,
https://www.ssfshop.com/BEANPOLE/GR9324081648273/good,,,,,,
https://www.ssfshop.com/BEANPOLE/GPI624090548514/good,,,,,,
https://www.ssfshop.com/BEANPOLE/GM0024081377942/good,,,,,,
https://www.ssfshop.com/BEANPOLE/GM0024071864399/good,,,,,,
https://www.ssfshop.com/BEANPOLE/GQUD24073159971/good,,,,,,
https://www.ssfshop.com/BEANPOLE/GM0024070863311/good,,,,,,
https://www.ssfshop.com/BEANPOLE/GM0024062490399/good,,,,,,
https://www.ssfshop.com/BEANPOLE/GM0024052385395/good,,,,,,
https://www.ssfshop.com/BEANPOLE/GM0024062491285/good,,,,,,
https://www.ssfshop.com/BEANPOLE/GM0024062491275/good,,,,,,
https://www.ssfshop.com/BEANPOLE/GM0024070139495/good,,,,,,
https://www.ssfshop.com/BEANPOLE/GM0024071863403/good,,,,,,
https://www.ssfshop.com/BEANPOLE/GR9324081648194/good,,,,,,
https://www.ssfshop.com/BEANPOLE/GM0024062488495/good,,,,,,
https://www.ssfshop.com/BEANPOLE/GM0024070546741/good,,,,,,
https://www.ssfshop.com/BEANPOLE/GM0024062490401/good,,,,,,
https://www.ssfshop.com/BEANPOLE/GM0024060769880/good,,,,,,
https://www.ssfshop.com/BEANPOLE/GM0024052913096/good,,,,,,
https://www.ssfshop.com/BEANPOLE/GM0024061418857/good,,,,,,
https://www.ssfshop.com/BEANPOLE/GPZM24090914477/good,,,,,,
https://www.ssfshop.com/BEANPOLE/GPN824082235632/good,,,,,,
https://www.ssfshop.com/BEANPOLE/GM0024071072556/good,,,,,,
https://www.ssfshop.com/BEANPOLE/GPSO24081260322/good,,,,,,
https://www.ssfshop.com/BEANPOLE/GR3C24090376937/good,,,,,,
https://www.ssfshop.com/BEANPOLE/GM0024080697099/good,,,,,,
https://www.ssfshop.com/BEANPOLE/GM0024052804623/good,,,,,,
https://www.ssfshop.com/BEANPOLE/GM0024062829685/good,,,,,,
https://www.ssfshop.com/BEANPOLE/GM0024062064825/good,,,,,,
https://www.ssfshop.com/BEANPOLE/GM0024061834208/good,,,,,,
https://www.ssfshop.com/BEANPOLE/GM0024082839013/good,,,,,,
https://www.ssfshop.com/BEANPOLE/GQAS24032936610/good,,,,,,
https://www.ssfshop.com/BEANPOLE/GM0024052804622/good,,,,,,
https://www.ssfshop.com/BEANPOLE/GM0024070863286/good,,,,,,
https://www.ssfshop.com/BEANPOLE/GM0024071185950/good,,,,,,
https://www.ssfshop.com/BEANPOLE/GM0024061209569/good,,,,,,
https://www.ssfshop.com/BEANPOLE/GM0024080697063/good,,,,,,
https://www.ssfshop.com/BEANPOLE/GPZM24090914571/good,,,,,,
https://www.ssfshop.com/BEANPOLE/GM0024071185553/good,,,,,,
https://www.ssfshop.com/BEANPOLE/GM0024080697098/good,,,,,,
https://www.ssfshop.com/BEANPOLE/GPF124032610285/good,,,,,,
https://www.ssfshop.com/BEANPOLE/GM0024071638867/good,,,,,,
https://www.ssfshop.com/BEANPOLE/GM0024062063151/good,,,,,,
https://www.ssfshop.com/BEANPOLE/GM0024071866778/good,,,,,,
https://www.ssfshop.com/BEANPOLE/GPD124090672008/good,,,,,,
https://www.ssfshop.com/BEANPOLE/GM0024070546793/good,,,,,,
https://www.ssfshop.com/BEANPOLE/GPHK24082223243/good,,,,,,
https://www.ssfshop.com/BEANPOLE/GQUD24091191330/good,,,,,,
https://www.ssfshop.com/BEANPOLE/GM0024082839528/good,,,,,,
https://www.ssfshop.com/BEANPOLE/GM0024060337843/good,,,,,,
https://www.ssfshop.com/BEANPOLE/GM0024070967069/good,,,,,,
https://www.ssfshop.com/BEANPOLE/GM0024052490410/good,,,,,,
https://www.ssfshop.com/BEANPOLE/GM0024070546744/good,,,,,,
https://www.ssfshop.com/BEANPOLE/GP2N24072287193/good,,,,,,
https://www.ssfshop.com/BEANPOLE/GM0024062831881/good,,,,,,
https://www.ssfshop.com/BEANPOLE/GPSO24082116153/good,,,,,,
https://www.ssfshop.com/BEANPOLE/GM0024072408673/good,,,,,,
https://www.ssfshop.com/BEANPOLE/GR0V24082001617/good,,,,,,
https://www.ssfshop.com/BEANPOLE/GM0024060337824/good,,,,,,
https://www.ssfshop.com/BEANPOLE/GM0024053017301/good,,,,,,
https://www.ssfshop.com/BEANPOLE/GPHC24082839359/good,,,,,,
https://www.ssfshop.com/BEANPOLE/GM0024062831874/good,,,,,,
https://www.ssfshop.com/BEANPOLE/GPZM24090914524/good,,,,,,
https://www.ssfshop.com/BEANPOLE/GM0024061418858/good,,,,,,
https://www.ssfshop.com/BEANPOLE/GP2N24072287192/good,,,,,,
https://www.ssfshop.com/BEANPOLE/GM0024061205690/good,,,,,,
https://www.ssfshop.com/BEANPOLE/GQ6424081426993/good,,,,,,
https://www.ssfshop.com/BEANPOLE/GM0024080864441/good,,,,,,
https://www.ssfshop.com/BEANPOLE/GQ2N24080583913/good,,,,,,
https://www.ssfshop.com/BEANPOLE/GM0024062488496/good,,,,,,
https://www.ssfshop.com/BEANPOLE/GQUC24082978736/good,,,,,,
https://www.ssfshop.com/BEANPOLE/GM0024061205590/good,,,,,,
https://www.ssfshop.com/BEANPOLE/GPG624090410402/good,,,,,,
https://www.ssfshop.com/BEANPOLE/GM0024070411722/good,,,,,,
https://www.ssfshop.com/BEANPOLE/GQUD24081978634/good,,,,,,
https://www.ssfshop.com/BEANPOLE/GM0024071185702/good,,,,,,
https://www.ssfshop.com/BEANPOLE/GM0024080697096/good,,,,,,
https://www.ssfshop.com/BEANPOLE/GM0024070547309/good,,,,,,
https://www.ssfshop.com/BEANPOLE/GPZM24090914483/good,,,,,,
https://www.ssfshop.com/BEANPOLE/GQ2N24073051816/good,,,,,,
https://www.ssfshop.com/BEANPOLE/GM0024072626940/good,,,,,,
https://www.ssfshop.com/BEANPOLE/GM0024090381239/good,,,,,,
https://www.ssfshop.com/BEANPOLE/GM0024061834281/good,,,,,,
https://www.ssfshop.com/BEANPOLE/GPGU24082118056/good,,,,,,
https://www.ssfshop.com/BEANPOLE/GQ8C24072410736/good,,,,,,
https://www.ssfshop.com/BEANPOLE/GM0024061209570/good,,,,,,
https://www.ssfshop.com/BEANPOLE/GM0024061207661/good,,,,,,
https://www.ssfshop.com/BEANPOLE/GQUC24082785035/good,,,,,,
https://www.ssfshop.com/BEANPOLE/GM0024082636349/good,,,,,,
https://www.ssfshop.com/BEANPOLE/GPB924082007338/good,,,,,,
https://www.ssfshop.com/BEANPOLE/GM0024062170495/good,,,,,,
https://www.ssfshop.com/BEANPOLE/GM0024080697093/good,,,,,,
https://www.ssfshop.com/BEANPOLE/GM0024050992417/good,,,,,,
https://www.ssfshop.com/BEANPOLE/GM0024070863255/good,,,,,,
https://www.ssfshop.com/BEANPOLE/GQUC24082839045/good,,,,,,
https://www.ssfshop.com/BEANPOLE/GQ2N24081389288/good,,,,,,
https://www.ssfshop.com/BEANPOLE/GM0024090381240/good,,,,,,
https://www.ssfshop.com/BEANPOLE/GQ8424090542047/good,,,,,,
https://www.ssfshop.com/BEANPOLE/GM0024080697097/good,,,,,,
https://www.ssfshop.com/BEANPOLE/GQ9724031306188/good,,,,,,
https://www.ssfshop.com/BEANPOLE/GM0024053017299/good,,,,,,
https://www.ssfshop.com/BEANPOLE/GRC424091199458/good,,,,,,
https://www.ssfshop.com/BEANPOLE/GM0024070967306/good,,,,,,
https://www.ssfshop.com/BEANPOLE/GM0024062607606/good,,,,,,
https://www.ssfshop.com/BEANPOLE/GM0024082003307/good,,,,,,
https://www.ssfshop.com/BEANPOLE/GM0024061727503/good,,,,,,
https://www.ssfshop.com/BEANPOLE/GM0024061834209/good,,,,,,
https://www.ssfshop.com/BEANPOLE/GPD124082756847/good,,,,,,
https://www.ssfshop.com/BEANPOLE/GQNZ24082222407/good,,,,,,
https://www.ssfshop.com/BEANPOLE/GM0024072937399/good,,,,,,
https://www.ssfshop.com/BEANPOLE/GM0024061207651/good,,,,,,
https://www.ssfshop.com/BEANPOLE/GM0024081975031/good,,,,,,
https://www.ssfshop.com/BEANPOLE/GPSO24080600883/good,,,,,,
https://www.ssfshop.com/BEANPOLE/GM0024060765814/good,,,,,,
https://www.ssfshop.com/BEANPOLE/GM0024072937282/good,,,,,,
https://www.ssfshop.com/BEANPOLE/GM0024080864453/good,,,,,,
https://www.ssfshop.com/BEANPOLE/GQ2J24091195990/good,,,,,,
https://www.ssfshop.com/BEANPOLE/GM0024070411614/good,,,,,,
https://www.ssfshop.com/BEANPOLE/GM0024061836083/good,,,,,,
https://www.ssfshop.com/BEANPOLE/GM0024061418856/good,,,,,,
https://www.ssfshop.com/BEANPOLE/GPN824090245239/good,,,,,,
https://www.ssfshop.com/BEANPOLE/GQ4524090682262/good,,,,,,
https://www.ssfshop.com/BEANPOLE/GQUD24080581328/good,,,,,,
https://www.ssfshop.com/BEANPOLE/GQ4124072294097/good,,,,,,
https://www.ssfshop.com/BEANPOLE/GQMK24081424243/good,,,,,,
https://www.ssfshop.com/BEANPOLE/GQYG24082002846/good,,,,,,
https://www.ssfshop.com/BEANPOLE/GQHHG24071526965/good,,,,,,
https://www.ssfshop.com/BEANPOLE/GQ2N24071971563/good,,,,,,
https://www.ssfshop.com/BEANPOLE/GP2N24082116228/good,,,,,,
https://www.ssfshop.com/BEANPOLE/GQ0524081641110/good,,,,,,
https://www.ssfshop.com/BEANPOLE/GM0024061418903/good,,,,,,
https://www.ssfshop.com/BEANPOLE/GQ8C24072410737/good,,,,,,
https://www.ssfshop.com/BEANPOLE/GPD124082232441/good,,,,,,
https://www.ssfshop.com/BEANPOLE/GR0D24082836650/good,,,,,,
https://www.ssfshop.com/BEANPOLE/GM0024052059222/good,,,,,,
https://www.ssfshop.com/BEANPOLE/GQHHG24071526994/good,,,,,,
https://www.ssfshop.com/BEANPOLE/GPVK24081648778/good,,,,,,
https://www.ssfshop.com/BEANPOLE/GPVK24090412779/good,,,,,,
https://www.ssfshop.com/BEANPOLE/GM0024070372048/good,,,,,,
https://www.ssfshop.com/BEANPOLE/GP2N24090682256/good,,,,,,
https://www.ssfshop.com/BEANPOLE/GM0024061836075/good,,,,,,
https://www.ssfshop.com/BEANPOLE/GM0024082345105/good,,,,,,
https://www.ssfshop.com/BEANPOLE/GPSO24082639622/good,,,,,,
https://www.ssfshop.com/BEANPOLE/GQ4424082235438/good,,,,,,
https://www.ssfshop.com/BEANPOLE/GPB924082007351/good,,,,,,
https://www.ssfshop.com/BEANPOLE/GM0024070369890/good,,,,,,
https://www.ssfshop.com/BEANPOLE/GM0024072937398/good,,,,,,
https://www.ssfshop.com/BEANPOLE/GM0024052490584/good,,,,,,
https://www.ssfshop.com/BEANPOLE/GPVK24081420972/good,,,,,,
https://www.ssfshop.com/BEANPOLE/GM0024062831873/good,,,,,,
https://www.ssfshop.com/BEANPOLE/GQ8C24062171475/good,,,,,,
https://www.ssfshop.com/BEANPOLE/GM0024051751654/good,,,,,,
https://www.ssfshop.com/BEANPOLE/GM0024053017300/good,,,,,,
https://www.ssfshop.com/BEANPOLE/GQMK24081424240/good,,,,,,
https://www.ssfshop.com/BEANPOLE/GP7N24081262129/good,,,,,,
https://www.ssfshop.com/BEANPOLE/GM0024053017304/good,,,,,,
https://www.ssfshop.com/BEANPOLE/GM0024051751653/good,,,,,,
https://www.ssfshop.com/BEANPOLE/GM0024053017298/good,,,,,,
https://www.ssfshop.com/BEANPOLE/GPHK24082223226/good,,,,,,
https://www.ssfshop.com/BEANPOLE/GM0024061418902/good,,,,,,
https://www.ssfshop.com/BEANPOLE/GM0024062713730/good,,,,,,
https://www.ssfshop.com/BEANPOLE/GM0024062829683/good,,,,,,
https://www.ssfshop.com/BEANPOLE/GM0024042422176/good,,,,,,
https://www.ssfshop.com/BEANPOLE/GM0024051751652/good,,,,,,
https://www.ssfshop.com/BEANPOLE/GM0024052490582/good,,,,,,
https://www.ssfshop.com/BEANPOLE/GM0024052058605/good,,,,,,
https://www.ssfshop.com/BEANPOLE/GQ3A24080695631/good,,,,,,
https://www.ssfshop.com/BEANPOLE/GM0024043044340/good,,,,,,
https://www.ssfshop.com/BEANPOLE/GM0024060337844/good,,,,,,
https://www.ssfshop.com/BEANPOLE/GQHHC24090418371/good,,,,,,
https://www.ssfshop.com/BEANPOLE/GPN824090244935/good,,,,,,
https://www.ssfshop.com/BEANPOLE/GQ8C24071078776/good,,,,,,
https://www.ssfshop.com/BEANPOLE/GM0024061087293/good,,,,,,
https://www.ssfshop.com/BEANPOLE/GPVK24081421000/good,,,,,,
https://www.ssfshop.com/BEANPOLE/GPVK24081648788/good,,,,,,
https://www.ssfshop.com/BEANPOLE/GQN124041957322/good,,,,,,
https://www.ssfshop.com/BEANPOLE/GM0024060337822/good,,,,,,
https://www.ssfshop.com/BEANPOLE/GM0024051751655/good,,,,,,
https://www.ssfshop.com/BEANPOLE/GM0024052804936/good,,,,,,
https://www.ssfshop.com/BEANPOLE/GQKD24050992647/good,,,,,,
https://www.ssfshop.com/BEANPOLE/GQHHG24071526969/good,,,,,,
https://www.ssfshop.com/BEANPOLE/GQKD24082342222/good,,,,,,
https://www.ssfshop.com/BEANPOLE/GM0024062490546/good,,,,,,
https://www.ssfshop.com/BEANPOLE/GPVK24080707857/good,,,,,,
https://www.ssfshop.com/BEANPOLE/GQHHG24071526990/good,,,,,,
https://www.ssfshop.com/BEANPOLE/GQS723081777632/good,,,,,,
https://www.ssfshop.com/BEANPOLE/GQHHG24071526983/good,,,,,,
https://www.ssfshop.com/BEANPOLE/GM0024072627706/good,,,,,,
https://www.ssfshop.com/BEANPOLE/GPHK24082223239/good,,,,,,
https://www.ssfshop.com/BEANPOLE/GQ8C24062171474/good,,,,,,
https://www.ssfshop.com/BEANPOLE/GPHK24082223231/good,,,,,,
https://www.ssfshop.com/BEANPOLE/GQ4G24031854880/good,,,,,,
https://www.ssfshop.com/BEANPOLE/GQS723090892925/good,,,,,,
https://www.ssfshop.com/BEANPOLE/GQ4G24021423801/good,,,,,,
https://www.ssfshop.com/BEANPOLE/GQKD24081260354/good,,,,,,
https://www.ssfshop.com/BEANPOLE/GQFC24053017060/good,,,,,,
https://www.ssfshop.com/BEANPOLE/GM0024060769885/good,,,,,,
https://www.ssfshop.com/BEANPOLE/GM0024053122630/good,,,,,,
https://www.ssfshop.com/BEANPOLE/GM0024050992416/good,,,,,,
https://www.ssfshop.com/BEANPOLE/GM0024043044341/good,,,,,,
https://www.ssfshop.com/BEANPOLE/GPUQ24070428264/good,,,,,,
https://www.ssfshop.com/BEANPOLE/GQ0EA24070139357/good,,,,,,
https://www.ssfshop.com/BEANPOLE/GM0024070368044/good,,,,,,
https://www.ssfshop.com/BEANPOLE/GM0024062607607/good,,,,,,
https://www.ssfshop.com/BEANPOLE/GQSE24052279497/good,,,,,,
https://www.ssfshop.com/BEANPOLE/GQPF24080582336/good,,,,,,
https://www.ssfshop.com/BEANPOLE/GQ8C24020887283/good,,,,,,
https://www.ssfshop.com/BEANPOLE/GQ4G24021423807/good,,,,,,
https://www.ssfshop.com/BEANPOLE/GQ4G24031186230/good,,,,,,
https://www.ssfshop.com/BEANPOLE/GQ4G24040354468/good,,,,,,
https://www.ssfshop.com/BEANPOLE/GM0024041850362/good,,,,,,
https://www.ssfshop.com/BEANPOLE/GQ8C24071079469/good,,,,,,
https://www.ssfshop.com/BEANPOLE/GQ4G24022603053/good,,,,,,
https://www.ssfshop.com/BEANPOLE/GPF124032610283/good,,,,,,
https://www.ssfshop.com/BEANPOLE/GM0024060769889/good,,,,,,
https://www.ssfshop.com/BEANPOLE/GPVK24081420977/good,,,,,,
https://www.ssfshop.com/BEANPOLE/GQ3L24011263179/good,,,,,,
https://www.ssfshop.com/BEANPOLE/GM0024062488460/good,,,,,,ÆÒÃ÷
https://www.ssfshop.com/BEANPOLE/GM0024082835066/good,,,,,,
https://www.ssfshop.com/BEANPOLE/GM0024071864736/good,,,,,,
https://www.ssfshop.com/BEANPOLE/GM0024081261511/good,,,,,,
https://www.ssfshop.com/BEANPOLE/GM0024080168547/good,,,,,,
https://www.ssfshop.com/BEANPOLE/GM0024080167690/good,,,,,,
https://www.ssfshop.com/BEANPOLE/GM0024070544180/good,,,,,,
https://www.ssfshop.com/BEANPOLE/GM0024082835067/good,,,,,,
https://www.ssfshop.com/BEANPOLE/GM0024062607582/good,,,,,,
https://www.ssfshop.com/BEANPOLE/GM0024072407794/good,,,,,,
https://www.ssfshop.com/BEANPOLE/GM0024071749502/good,,,,,,
https://www.ssfshop.com/BEANPOLE/GM0024062607585/good,,,,,,
https://www.ssfshop.com/BEANPOLE/GM0024082642116/good,,,,,,
https://www.ssfshop.com/BEANPOLE/GM0024090241490/good,,,,,,
https://www.ssfshop.com/BEANPOLE/GM0024090241489/good,,,,,,
https://www.ssfshop.com/BEANPOLE/GM0024082349147/good,,,,,,
https://www.ssfshop.com/BEANPOLE/GM0024062063133/good,,,,,,
https://www.ssfshop.com/BEANPOLE/GM0024073157907/good,,,,,,
https://www.ssfshop.com/BEANPOLE/GM0024073160147/good,,,,,,
https://www.ssfshop.com/BEANPOLE/GM0024070544183/good,,,,,,
https://www.ssfshop.com/BEANPOLE/GM0024082340128/good,,,,,,
https://www.ssfshop.com/BEANPOLE/GM0024082224316/good,,,,,,
https://www.ssfshop.com/BEANPOLE/GM0024071749500/good,,,,,,
https://www.ssfshop.com/BEANPOLE/GM0024090241488/good,,,,,,
https://www.ssfshop.com/BEANPOLE/GM0024082790147/good,,,,,,
https://www.ssfshop.com/BEANPOLE/GM0024062608487/good,,,,,,
https://www.ssfshop.com/BEANPOLE/GM0024081261510/good,,,,,,
https://www.ssfshop.com/BEANPOLE/GM0024072407795/good,,,,,,
https://www.ssfshop.com/BEANPOLE/GM0024060769877/good,,,,,,
https://www.ssfshop.com/BEANPOLE/GM0024090683045/good,,,,,,
https://www.ssfshop.com/BEANPOLE/GM0024072522896/good,,,,,,
https://www.ssfshop.com/BEANPOLE/GM0024082794350/good,,,,,,
https://www.ssfshop.com/BEANPOLE/GM0024071749503/good,,,,,,
https://www.ssfshop.com/BEANPOLE/GM0024082096419/good,,,,,,
https://www.ssfshop.com/BEANPOLE/GM0024060550207/good,,,,,,
https://www.ssfshop.com/BEANPOLE/GM0024090381189/good,,,,,,
https://www.ssfshop.com/BEANPOLE/GM0024071865149/good,,,,,,
https://www.ssfshop.com/BEANPOLE/GM0024070863296/good,,,,,,
https://www.ssfshop.com/BEANPOLE/GM0024062607581/good,,,,,,
https://www.ssfshop.com/BEANPOLE/GM0024071864735/good,,,,,,
https://www.ssfshop.com/BEANPOLE/GM0024070544181/good,,,,,,
https://www.ssfshop.com/BEANPOLE/GM0024081413324/good,,,,,,
https://www.ssfshop.com/BEANPOLE/GM0024072399610/good,,,,,,
https://www.ssfshop.com/BEANPOLE/GM0024082792702/good,,,,,,
https://www.ssfshop.com/BEANPOLE/GM0024082224319/good,,,,,,
https://www.ssfshop.com/BEANPOLE/GM0024082794349/good,,,,,,
https://www.ssfshop.com/BEANPOLE/GM0024082835766/good,,,,,,
https://www.ssfshop.com/BEANPOLE/GM0024081261513/good,,,,,,
https://www.ssfshop.com/BEANPOLE/GM0024081976677/good,,,,,,
https://www.ssfshop.com/BEANPOLE/GM0024070863297/good,,,,,,
https://www.ssfshop.com/BEANPOLE/GPSO24080274629/good,,,,,,
https://www.ssfshop.com/BEANPOLE/GM0024082341191/good,,,,,,
https://www.ssfshop.com/BEANPOLE/GM0024082788581/good,,,,,,
https://www.ssfshop.com/BEANPOLE/GM0024073158515/good,,,,,,
https://www.ssfshop.com/BEANPOLE/GM0024080581321/good,,,,,,
https://www.ssfshop.com/BEANPOLE/GM0024082092066/good,,,,,,
https://www.ssfshop.com/BEANPOLE/GM0024071865148/good,,,,,,
https://www.ssfshop.com/BEANPOLE/GM0024071749506/good,,,,,,
https://www.ssfshop.com/BEANPOLE/GM0024080167637/good,,,,,,
https://www.ssfshop.com/BEANPOLE/GM0024072408651/good,,,,,,
https://www.ssfshop.com/BEANPOLE/GM0024090241765/good,,,,,,
https://www.ssfshop.com/BEANPOLE/GQ2N24082231087/good,,,,,,
https://www.ssfshop.com/BEANPOLE/GM0024080580241/good,,,,,,
https://www.ssfshop.com/BEANPOLE/GM0024070244046/good,,,,,,
https://www.ssfshop.com/BEANPOLE/GM0024082790142/good,,,,,,
https://www.ssfshop.com/BEANPOLE/GM0024082631959/good,,,,,,
https://www.ssfshop.com/BEANPOLE/GM0024082225376/good,,,,,,
https://www.ssfshop.com/BEANPOLE/GM0024082225371/good,,,,,,
https://www.ssfshop.com/BEANPOLE/GM0024082224313/good,,,,,,
https://www.ssfshop.com/BEANPOLE/GM0024082642115/good,,,,,,
https://www.ssfshop.com/BEANPOLE/GPSO24081376175/good,,,,,,
https://www.ssfshop.com/BEANPOLE/GM0024082835065/good,,,,,,
https://www.ssfshop.com/BEANPOLE/GM0024070544182/good,,,,,,
https://www.ssfshop.com/BEANPOLE/GM0024082632393/good,,,,,,
https://www.ssfshop.com/BEANPOLE/GM0024071749511/good,,,,,,
https://www.ssfshop.com/BEANPOLE/GPSO24072939334/good,,,,,,
https://www.ssfshop.com/BEANPOLE/GM0024071289261/good,,,,,,
https://www.ssfshop.com/BEANPOLE/GM0024080706070/good,,,,,,
https://www.ssfshop.com/BEANPOLE/GM0024071749507/good,,,,,,
https://www.ssfshop.com/BEANPOLE/GM0024090913510/good,,,,,,
https://www.ssfshop.com/BEANPOLE/GM0024071866777/good,,,,,,
https://www.ssfshop.com/BEANPOLE/GM0024071749508/good,,,,,,
https://www.ssfshop.com/BEANPOLE/GM0024072399634/good,,,,,,
https://www.ssfshop.com/BEANPOLE/GM0024060765809/good,,,,,,
https://www.ssfshop.com/BEANPOLE/GM0024082792700/good,,,,,,
https://www.ssfshop.com/BEANPOLE/GM0024090245876/good,,,,,,
https://www.ssfshop.com/BEANPOLE/GM0024080930638/good,,,,,,
https://www.ssfshop.com/BEANPOLE/GM0024091326627/good,,,,,,
https://www.ssfshop.com/BEANPOLE/GM0024090913515/good,,,,,,
https://www.ssfshop.com/BEANPOLE/GM0024080580243/good,,,,,,
https://www.ssfshop.com/BEANPOLE/GM0024072287105/good,,,,,,
https://www.ssfshop.com/BEANPOLE/GM0024081982642/good,,,,,,
https://www.ssfshop.com/BEANPOLE/GM0024083004450/good,,,,,,
https://www.ssfshop.com/BEANPOLE/GM0024082341420/good,,,,,,
https://www.ssfshop.com/BEANPOLE/GM0024080580248/good,,,,,,
https://www.ssfshop.com/BEANPOLE/GM0024070967083/good,,,,,,
https://www.ssfshop.com/BEANPOLE/GM0024072399620/good,,,,,,
https://www.ssfshop.com/BEANPOLE/GM0024090241764/good,,,,,,
https://www.ssfshop.com/BEANPOLE/GM0024071639154/good,,,,,,
https://www.ssfshop.com/BEANPOLE/GM0024082968202/good,,,,,,
https://www.ssfshop.com/BEANPOLE/GM0024082788579/good,,,,,,
https://www.ssfshop.com/BEANPOLE/GM0024071749282/good,,,,,,
https://www.ssfshop.com/BEANPOLE/GM0024082835767/good,,,,,,
https://www.ssfshop.com/BEANPOLE/GM0024080864900/good,,,,,,
https://www.ssfshop.com/BEANPOLE/GM0024082794351/good,,,,,,
https://www.ssfshop.com/BEANPOLE/GM0024071866774/good,,,,,,
https://www.ssfshop.com/BEANPOLE/GM0024062170473/good,,,,,,
https://www.ssfshop.com/BEANPOLE/GM0024082345053/good,,,,,,
https://www.ssfshop.com/BEANPOLE/GM0024090679137/good,,,,,,
https://www.ssfshop.com/BEANPOLE/GM0024061209612/good,,,,,,
https://www.ssfshop.com/BEANPOLE/GM0024062713692/good,,,,,,
https://www.ssfshop.com/BEANPOLE/GM0024082115007/good,,,,,,
https://www.ssfshop.com/BEANPOLE/GM0024080167692/good,,,,,,
https://www.ssfshop.com/BEANPOLE/GM0024090409243/good,,,,,,
https://www.ssfshop.com/BEANPOLE/GM0024061418523/good,,,,,,
https://www.ssfshop.com/BEANPOLE/GM0024090913521/good,,,,,,
https://www.ssfshop.com/BEANPOLE/GM0024071185532/good,,,,,,
https://www.ssfshop.com/BEANPOLE/GM0024082632392/good,,,,,,
https://www.ssfshop.com/BEANPOLE/GM0024080168488/good,,,,,,
https://www.ssfshop.com/BEANPOLE/GM0024070546740/good,,,,,,
https://www.ssfshop.com/BEANPOLE/GM0024082224558/good,,,,,,
https://www.ssfshop.com/BEANPOLE/GM0024080694726/good,,,,,,
https://www.ssfshop.com/BEANPOLE/GM0024072287104/good,,,,,,
https://www.ssfshop.com/BEANPOLE/GM0024082114955/good,,,,,,
https://www.ssfshop.com/BEANPOLE/GM0024072523670/good,,,,,,
https://www.ssfshop.com/BEANPOLE/GM0024080167691/good,,,,,,
https://www.ssfshop.com/BEANPOLE/GM0024090553528/good,,,,,,
https://www.ssfshop.com/BEANPOLE/GM0024080697073/good,,,,,,
https://www.ssfshop.com/BEANPOLE/GPSO24080600822/good,,,,,,
https://www.ssfshop.com/BEANPOLE/GM0024070558211/good,,,,,,
https://www.ssfshop.com/BEANPOLE/GQLA24082974339/good,,,,,,
https://www.ssfshop.com/BEANPOLE/GQAS24090419312/good,,,,,,
https://www.ssfshop.com/BEANPOLE/GM0024071289262/good,,,,,,
https://www.ssfshop.com/BEANPOLE/GM0024061419501/good,,,,,,
https://www.ssfshop.com/BEANPOLE/GM0024080167639/good,,,,,,
https://www.ssfshop.com/BEANPOLE/GPD224072626849/good,,,,,,
https://www.ssfshop.com/BEANPOLE/GM0024080693451/good,,,,,,
https://www.ssfshop.com/BEANPOLE/GM0024080580203/good,,,,,,
https://www.ssfshop.com/BEANPOLE/GM0024083095358/good,,,,,,
https://www.ssfshop.com/BEANPOLE/GM0024081240959/good,,,,,,
https://www.ssfshop.com/BEANPOLE/GM0024072408649/good,,,,,,
https://www.ssfshop.com/BEANPOLE/GM0024072627434/good,,,,,,
https://www.ssfshop.com/BEANPOLE/GM0024052914750/good,,,,,,
https://www.ssfshop.com/BEANPOLE/GM0024090542948/good,,,,,,
https://www.ssfshop.com/BEANPOLE/GM0024071749504/good,,,,,,
https://www.ssfshop.com/BEANPOLE/GM0024060765820/good,,,,,,
https://www.ssfshop.com/BEANPOLE/GM0024081260711/good,,,,,,
https://www.ssfshop.com/BEANPOLE/GM0024090409322/good,,,,,,
https://www.ssfshop.com/BEANPOLE/GM0024072399594/good,,,,,,
https://www.ssfshop.com/BEANPOLE/GM0024062063897/good,,,,,,
https://www.ssfshop.com/BEANPOLE/GM0024081253305/good,,,,,,
https://www.ssfshop.com/BEANPOLE/GM0024052492994/good,,,,,,
https://www.ssfshop.com/BEANPOLE/GM0024080272306/good,,,,,,
https://www.ssfshop.com/BEANPOLE/GM0024071865150/good,,,,,,
https://www.ssfshop.com/BEANPOLE/GM0024070863175/good,,,,,,
https://www.ssfshop.com/BEANPOLE/GM0024071866775/good,,,,,,
https://www.ssfshop.com/BEANPOLE/GM0024091326629/good,,,,,,
https://www.ssfshop.com/BEANPOLE/GM0024071073088/good,,,,,,
https://www.ssfshop.com/BEANPOLE/GM0024080864902/good,,,,,,
https://www.ssfshop.com/BEANPOLE/GM0024071749512/good,,,,,,
https://www.ssfshop.com/BEANPOLE/GPD224080868312/good,,,,,,
https://www.ssfshop.com/BEANPOLE/GM0024071863286/good,,,,,,
https://www.ssfshop.com/BEANPOLE/GPD224021422802/good,,,,,,
https://www.ssfshop.com/BEANPOLE/GM0024083094154/good,,,,,,
https://www.ssfshop.com/BEANPOLE/GM0024083004451/good,,,,,,
https://www.ssfshop.com/BEANPOLE/GM0024080694722/good,,,,,,
https://www.ssfshop.com/BEANPOLE/GM0024081240957/good,,,,,,
https://www.ssfshop.com/BEANPOLE/GM0024082642142/good,,,,,,
https://www.ssfshop.com/BEANPOLE/GM0024071865154/good,,,,,,
https://www.ssfshop.com/BEANPOLE/GM0024082114956/good,,,,,,
https://www.ssfshop.com/BEANPOLE/GM0024082092064/good,,,,,,
https://www.ssfshop.com/BEANPOLE/GM0024082341422/good,,,,,,
https://www.ssfshop.com/BEANPOLE/GM0024072940656/good,,,,,,
https://www.ssfshop.com/BEANPOLE/GM0024090241757/good,,,,,,
https://www.ssfshop.com/BEANPOLE/GM0024070243849/good,,,,,,
https://www.ssfshop.com/BEANPOLE/GM0024072522897/good,,,,,,
https://www.ssfshop.com/BEANPOLE/GM0024080167643/good,,,,,,
https://www.ssfshop.com/BEANPOLE/GM0024081979947/good,,,,,,
https://www.ssfshop.com/BEANPOLE/GM0024081645112/good,,,,,,
https://www.ssfshop.com/BEANPOLE/GM0024080868189/good,,,,,,
https://www.ssfshop.com/BEANPOLE/GQPA24081983697/good,,,,,,
https://www.ssfshop.com/BEANPOLE/GM0024060769878/good,,,,,,
https://www.ssfshop.com/BEANPOLE/GM0024061209607/good,,,,,,
https://www.ssfshop.com/BEANPOLE/GM0024072627435/good,,,,,,
https://www.ssfshop.com/BEANPOLE/GM0024082114798/good,,,,,,
https://www.ssfshop.com/BEANPOLE/GM0024062607831/good,,,,,,
https://www.ssfshop.com/BEANPOLE/GM0024070246332/good,,,,,,
https://www.ssfshop.com/BEANPOLE/GM0024082225369/good,,,,,,
https://www.ssfshop.com/BEANPOLE/GM0024091212294/good,,,,,,
https://www.ssfshop.com/BEANPOLE/GM0024062831581/good,,,,,,
https://www.ssfshop.com/BEANPOLE/GM0024082339518/good,,,,,,
https://www.ssfshop.com/BEANPOLE/GM0024082225373/good,,,,,,
https://www.ssfshop.com/BEANPOLE/GM0024061418524/good,,,,,,
https://www.ssfshop.com/BEANPOLE/GM0024060550212/good,,,,,,
https://www.ssfshop.com/BEANPOLE/GM0024072399621/good,,,,,,
https://www.ssfshop.com/BEANPOLE/GM0024062599451/good,,,,,,
https://www.ssfshop.com/BEANPOLE/GM0024080272742/good,,,,,,
https://www.ssfshop.com/BEANPOLE/GM0024072627433/good,,,,,,
https://www.ssfshop.com/BEANPOLE/GM0024053125319/good,,,,,,
https://www.ssfshop.com/BEANPOLE/GM0024071749592/good,,,,,,
https://www.ssfshop.com/BEANPOLE/GM0024080167623/good,,,,,,
https://www.ssfshop.com/BEANPOLE/GM0024070136915/good,,,,,,
https://www.ssfshop.com/BEANPOLE/GM0024060550210/good,,,,,,
https://www.ssfshop.com/BEANPOLE/GM0024082224554/good,,,,,,
https://www.ssfshop.com/BEANPOLE/GM0024043044177/good,,,,,,
https://www.ssfshop.com/BEANPOLE/GM0024071865153/good,,,,,,
https://www.ssfshop.com/BEANPOLE/GR1X24082225236/good,,,,,,
https://www.ssfshop.com/BEANPOLE/GQRK24081390378/good,,,,,,
https://www.ssfshop.com/BEANPOLE/GM0024081385039/good,,,,,,
https://www.ssfshop.com/BEANPOLE/GM0024070246350/good,,,,,,
https://www.ssfshop.com/BEANPOLE/GPSO24080274635/good,,,,,,
https://www.ssfshop.com/BEANPOLE/GM0024073048778/good,,,,,,
https://www.ssfshop.com/BEANPOLE/GM0024061949184/good,,,,,,
https://www.ssfshop.com/BEANPOLE/GM0024082794348/good,,,,,,
https://www.ssfshop.com/BEANPOLE/GM0024082096418/good,,,,,,
https://www.ssfshop.com/BEANPOLE/GM0024082004103/good,,,,,,
https://www.ssfshop.com/BEANPOLE/GM0024080170988/good,,,,,,
https://www.ssfshop.com/BEANPOLE/GM0024081421801/good,,,,,,
https://www.ssfshop.com/BEANPOLE/GM0024061834241/good,,,,,,
https://www.ssfshop.com/BEANPOLE/GM0024060337857/good,,,,,,
https://www.ssfshop.com/BEANPOLE/GM0024082792699/good,,,,,,
https://www.ssfshop.com/BEANPOLE/GM0024081261515/good,,,,,,
https://www.ssfshop.com/BEANPOLE/GM0024072408643/good,,,,,,
https://www.ssfshop.com/BEANPOLE/GM0024081968893/good,,,,,,
https://www.ssfshop.com/BEANPOLE/GM0024062490544/good,,,,,,
https://www.ssfshop.com/BEANPOLE/GM0024082835714/good,,,,,,
https://www.ssfshop.com/BEANPOLE/GM0024081982621/good,,,,,,
https://www.ssfshop.com/BEANPOLE/GM0024072287028/good,,,,,,
https://www.ssfshop.com/BEANPOLE/GM0024090409242/good,,,,,,
https://www.ssfshop.com/BEANPOLE/GM0024072937280/good,,,,,,
https://www.ssfshop.com/BEANPOLE/GM0024061727473/good,,,,,,
https://www.ssfshop.com/BEANPOLE/GM0024080272308/good,,,,,,
https://www.ssfshop.com/BEANPOLE/GM0024090682389/good,,,,,,
https://www.ssfshop.com/BEANPOLE/GPG224062713783/good,,,,,,
https://www.ssfshop.com/BEANPOLE/GM0024090542946/good,,,,,,
https://www.ssfshop.com/BEANPOLE/GM0024080694710/good,,,,,,
https://www.ssfshop.com/BEANPOLE/GM0024072287136/good,,,,,,
https://www.ssfshop.com/BEANPOLE/GM0024082345041/good,,,,,,
https://www.ssfshop.com/BEANPOLE/GM0024072287422/good,,,,,,
https://www.ssfshop.com/BEANPOLE/GM0024072523738/good,,,,,,
https://www.ssfshop.com/BEANPOLE/GM0024081427664/good,,,,,,
https://www.ssfshop.com/BEANPOLE/GPG224082833456/good,,,,,,
https://www.ssfshop.com/BEANPOLE/GR3A24082346056/good,,,,,,
https://www.ssfshop.com/BEANPOLE/GM0024090913513/good,,,,,,
https://www.ssfshop.com/BEANPOLE/GM0024090679082/good,,,,,,
https://www.ssfshop.com/BEANPOLE/GM0024061834242/good,,,,,,
https://www.ssfshop.com/BEANPOLE/GM0024081385044/good,,,,,,
https://www.ssfshop.com/BEANPOLE/GM0024070967084/good,,,,,,
https://www.ssfshop.com/BEANPOLE/GM0024082114954/good,,,,,,
https://www.ssfshop.com/BEANPOLE/GM0024071865156/good,,,,,,
https://www.ssfshop.com/BEANPOLE/GM0024071526157/good,,,,,,
https://www.ssfshop.com/BEANPOLE/GM0024080864903/good,,,,,,
https://www.ssfshop.com/BEANPOLE/GM0024062488480/good,,,,,,
https://www.ssfshop.com/BEANPOLE/GM0024070243700/good,,,,,,
https://www.ssfshop.com/BEANPOLE/GM0024090682393/good,,,,,,
https://www.ssfshop.com/BEANPOLE/GM0024062488487/good,,,,,,
https://www.ssfshop.com/BEANPOLE/GM0024070139178/good,,,,,,
https://www.ssfshop.com/BEANPOLE/GM0024090679098/good,,,,,,
https://www.ssfshop.com/BEANPOLE/GM0024081240956/good,,,,,,
https://www.ssfshop.com/BEANPOLE/GM0024060444491/good,,,,,,
https://www.ssfshop.com/BEANPOLE/GM0024090245877/good,,,,,,
https://www.ssfshop.com/BEANPOLE/GM0024070246333/good,,,,,,
https://www.ssfshop.com/BEANPOLE/GM0024062713711/good,,,,,,
https://www.ssfshop.com/BEANPOLE/GM0024070863285/good,,,,,,
https://www.ssfshop.com/BEANPOLE/GM0024082114902/good,,,,,,
https://www.ssfshop.com/BEANPOLE/GM0024080581320/good,,,,,,
https://www.ssfshop.com/BEANPOLE/GM0024061727499/good,,,,,,
https://www.ssfshop.com/BEANPOLE/GM0024081968891/good,,,,,,
https://www.ssfshop.com/BEANPOLE/GM0024073048777/good,,,,,,
https://www.ssfshop.com/BEANPOLE/GM0024080693743/good,,,,,,
https://www.ssfshop.com/BEANPOLE/GM0024090381284/good,,,,,,
https://www.ssfshop.com/BEANPOLE/GM0024091077983/good,,,,,,
https://www.ssfshop.com/BEANPOLE/GM0024060765811/good,,,,,,
https://www.ssfshop.com/BEANPOLE/GM0024090241634/good,,,,,,
https://www.ssfshop.com/BEANPOLE/GM0024071865155/good,,,,,,
https://www.ssfshop.com/BEANPOLE/GM0024080167641/good,,,,,,
https://www.ssfshop.com/BEANPOLE/GM0024072937156/good,,,,,,
https://www.ssfshop.com/BEANPOLE/GM0024062607601/good,,,,,,
https://www.ssfshop.com/BEANPOLE/GM0024080580207/good,,,,,,
https://www.ssfshop.com/BEANPOLE/GM0024082096420/good,,,,,,
https://www.ssfshop.com/BEANPOLE/GM0024080859940/good,,,,,,
https://www.ssfshop.com/BEANPOLE/GM0024071186157/good,,,,,,
https://www.ssfshop.com/BEANPOLE/GM0024081261514/good,,,,,,
https://www.ssfshop.com/BEANPOLE/GPV224080273349/good,,,,,,
https://www.ssfshop.com/BEANPOLE/GM0024081377015/good,,,,,,
https://www.ssfshop.com/BEANPOLE/GM0024062713744/good,,,,,,
https://www.ssfshop.com/BEANPOLE/GM0024090679097/good,,,,,,
https://www.ssfshop.com/BEANPOLE/GM0024071970368/good,,,,,,
https://www.ssfshop.com/BEANPOLE/GM0024062491273/good,,,,,,
https://www.ssfshop.com/BEANPOLE/GM0024070246348/good,,,,,,
https://www.ssfshop.com/BEANPOLE/GM0024082092060/good,,,,,,
https://www.ssfshop.com/BEANPOLE/GM0024052804911/good,,,,,,
https://www.ssfshop.com/BEANPOLE/GM0024043046250/good,,,,,,
https://www.ssfshop.com/BEANPOLE/GM0024060550205/good,,,,,,
https://www.ssfshop.com/BEANPOLE/GM0024072937281/good,,,,,,
https://www.ssfshop.com/BEANPOLE/GM0024081385041/good,,,,,,
https://www.ssfshop.com/BEANPOLE/GM0024072626937/good,,,,,,
https://www.ssfshop.com/BEANPOLE/GM0024082116194/good,,,,,,
https://www.ssfshop.com/BEANPOLE/GM0024081260715/good,,,,,,
https://www.ssfshop.com/BEANPOLE/GM0024060765822/good,,,,,,
https://www.ssfshop.com/BEANPOLE/GR1X24081392740/good,,,,,,
https://www.ssfshop.com/BEANPOLE/GM0024042936102/good,,,,,,
https://www.ssfshop.com/BEANPOLE/GM0024060550209/good,,,,,,
https://www.ssfshop.com/BEANPOLE/GM0024082224556/good,,,,,,
https://www.ssfshop.com/BEANPOLE/GM0024072407767/good,,,,,,
https://www.ssfshop.com/BEANPOLE/GM0024080272676/good,,,,,,
https://www.ssfshop.com/BEANPOLE/GM0024071526159/good,,,,,,
https://www.ssfshop.com/BEANPOLE/GM0024060444905/good,,,,,,
https://www.ssfshop.com/BEANPOLE/GM0024082642112/good,,,,,,
https://www.ssfshop.com/BEANPOLE/GM0024080693463/good,,,,,,
https://www.ssfshop.com/BEANPOLE/GM0024081240958/good,,,,,,
https://www.ssfshop.com/BEANPOLE/GM0024060550208/good,,,,,,
https://www.ssfshop.com/BEANPOLE/GM0024080580249/good,,,,,,
https://www.ssfshop.com/BEANPOLE/GM0024062710254/good,,,,,,
https://www.ssfshop.com/BEANPOLE/GM0024082092062/good,,,,,,
https://www.ssfshop.com/BEANPOLE/GM0024082344997/good,,,,,,
https://www.ssfshop.com/BEANPOLE/GM0024061205706/good,,,,,,
https://www.ssfshop.com/BEANPOLE/GM0024072521668/good,,,,,,
https://www.ssfshop.com/BEANPOLE/GQ4124072294032/good,,,,,,
https://www.ssfshop.com/BEANPOLE/GM0024060340543/good,,,,,,
https://www.ssfshop.com/BEANPOLE/GM0024061101178/good,,,,,,
https://www.ssfshop.com/BEANPOLE/GM0024080694729/good,,,,,,
https://www.ssfshop.com/BEANPOLE/GM0024080168417/good,,,,,,
https://www.ssfshop.com/BEANPOLE/GM0024090542945/good,,,,,,
https://www.ssfshop.com/BEANPOLE/GM0024080580206/good,,,,,,
https://www.ssfshop.com/BEANPOLE/GPD224083004448/good,,,,,,
https://www.ssfshop.com/BEANPOLE/GM0024071865159/good,,,,,,
https://www.ssfshop.com/BEANPOLE/GM0024082790145/good,,,,,,
https://www.ssfshop.com/BEANPOLE/GM0024071749509/good,,,,,,
https://www.ssfshop.com/BEANPOLE/GM0024082114657/good,,,,,,
https://www.ssfshop.com/BEANPOLE/GM0024060337434/good,,,,,,
https://www.ssfshop.com/BEANPOLE/GM0024072399618/good,,,,,,
https://www.ssfshop.com/BEANPOLE/GM0024060765817/good,,,,,,
https://www.ssfshop.com/BEANPOLE/GM0024081645114/good,,,,,,
https://www.ssfshop.com/BEANPOLE/GM0024090679094/good,,,,,,
https://www.ssfshop.com/BEANPOLE/GM0024060444908/good,,,,,,
https://www.ssfshop.com/BEANPOLE/GM0024090679138/good,,,,,,
https://www.ssfshop.com/BEANPOLE/GM0024090679095/good,,,,,,
https://www.ssfshop.com/BEANPOLE/GM0024053017293/good,,,,,,
https://www.ssfshop.com/BEANPOLE/GM0024062710233/good,,,,,,
https://www.ssfshop.com/BEANPOLE/GM0024071289233/good,,,,,,
https://www.ssfshop.com/BEANPOLE/GM0024080693456/good,,,,,,
https://www.ssfshop.com/BEANPOLE/GM0024071289589/good,,,,,,
https://www.ssfshop.com/BEANPOLE/GQ4124072294031/good,,,,,,
https://www.ssfshop.com/BEANPOLE/GQ2N24091216878/good,,,,,,
https://www.ssfshop.com/BEANPOLE/GM0024072937162/good,,,,,,
https://www.ssfshop.com/BEANPOLE/GM0024081979893/good,,,,,,
https://www.ssfshop.com/BEANPOLE/GM0024090547272/good,,,,,,
https://www.ssfshop.com/BEANPOLE/GM0024062713691/good,,,,,,
https://www.ssfshop.com/BEANPOLE/GPD224072626848/good,,,,,,
https://www.ssfshop.com/BEANPOLE/GM0024071185575/good,,,,,,
https://www.ssfshop.com/BEANPOLE/GM0024072399622/good,,,,,,
https://www.ssfshop.com/BEANPOLE/GM0024090682395/good,,,,,,
https://www.ssfshop.com/BEANPOLE/GR9324082751361/good,,,,,,
https://www.ssfshop.com/BEANPOLE/GM0024062710234/good,,,,,,
https://www.ssfshop.com/BEANPOLE/GM0024071863301/good,,,,,,
https://www.ssfshop.com/BEANPOLE/GM0024090409244/good,,,,,,
https://www.ssfshop.com/BEANPOLE/GM0024082635348/good,,,,,,
https://www.ssfshop.com/BEANPOLE/GM0024080168528/good,,,,,,
https://www.ssfshop.com/BEANPOLE/GM0024070139962/good,,,,,,
https://www.ssfshop.com/BEANPOLE/GM0024072287029/good,,,,,,
https://www.ssfshop.com/BEANPOLE/GM0024091327271/good,,,,,,
https://www.ssfshop.com/BEANPOLE/GQOG24082963987/good,,,,,,
https://www.ssfshop.com/BEANPOLE/GM0024061205714/good,,,,,,
https://www.ssfshop.com/BEANPOLE/GQ2N24082972842/good,,,,,,
https://www.ssfshop.com/BEANPOLE/GM0024082348994/good,,,,,,
https://www.ssfshop.com/BEANPOLE/GM0024080693623/good,,,,,,
https://www.ssfshop.com/BEANPOLE/GM0024080868188/good,,,,,,
https://www.ssfshop.com/BEANPOLE/GM0024061727519/good,,,,,,
https://www.ssfshop.com/BEANPOLE/GPD224012481860/good,,,,,,
https://www.ssfshop.com/BEANPOLE/GM0024091212293/good,,,,,,
https://www.ssfshop.com/BEANPOLE/GM0024062713690/good,,,,,,
https://www.ssfshop.com/BEANPOLE/GM0024082114904/good,,,,,,
https://www.ssfshop.com/BEANPOLE/GM0024080580242/good,,,,,,
https://www.ssfshop.com/BEANPOLE/GM0024072399615/good,,,,,,
https://www.ssfshop.com/BEANPOLE/GM0024060444494/good,,,,,,
https://www.ssfshop.com/BEANPOLE/GM0024090679101/good,,,,,,
https://www.ssfshop.com/BEANPOLE/GM0024083094152/good,,,,,,
https://www.ssfshop.com/BEANPOLE/GM0024072940658/good,,,,,,
https://www.ssfshop.com/BEANPOLE/GM0024080864871/good,,,,,,
https://www.ssfshop.com/BEANPOLE/GM0024090913512/good,,,,,,
https://www.ssfshop.com/BEANPOLE/GM0024082114900/good,,,,,,
https://www.ssfshop.com/BEANPOLE/GM0024061315495/good,,,,,,
https://www.ssfshop.com/BEANPOLE/GM0024090553531/good,,,,,,
https://www.ssfshop.com/BEANPOLE/GM0024091211192/good,,,,,,
https://www.ssfshop.com/BEANPOLE/GPSO24080600846/good,,,,,,
https://www.ssfshop.com/BEANPOLE/GM0024080697072/good,,,,,,
https://www.ssfshop.com/BEANPOLE/GM0024080167648/good,,,,,,
https://www.ssfshop.com/BEANPOLE/GP2N24091197212/good,,,,,,
https://www.ssfshop.com/BEANPOLE/GM0024080697060/good,,,,,,
https://www.ssfshop.com/BEANPOLE/GM0024061834243/good,,,,,,
https://www.ssfshop.com/BEANPOLE/GQ2N24081389206/good,,,,,,
https://www.ssfshop.com/BEANPOLE/GM0024091067590/good,,,,,,
https://www.ssfshop.com/BEANPOLE/GM0024080168490/good,,,,,,
https://www.ssfshop.com/BEANPOLE/GQZG24090240121/good,,,,,,
https://www.ssfshop.com/BEANPOLE/GM0024082341142/good,,,,,,
https://www.ssfshop.com/BEANPOLE/GM0024090381283/good,,,,,,
https://www.ssfshop.com/BEANPOLE/GM0024081979950/good,,,,,,
https://www.ssfshop.com/BEANPOLE/GM0024083004066/good,,,,,,
https://www.ssfshop.com/BEANPOLE/GQZG24090239920/good,,,,,,
https://www.ssfshop.com/BEANPOLE/GM0024070246349/good,,,,,,
https://www.ssfshop.com/BEANPOLE/GM0024090241602/good,,,,,,
https://www.ssfshop.com/BEANPOLE/GM0024082968166/good,,,,,,
https://www.ssfshop.com/BEANPOLE/GPGU24082117843/good,,,,,,
https://www.ssfshop.com/BEANPOLE/GM0024072940660/good,,,,,,
https://www.ssfshop.com/BEANPOLE/GM0024080167693/good,,,,,,
https://www.ssfshop.com/BEANPOLE/GM0024080168489/good,,,,,,
https://www.ssfshop.com/BEANPOLE/GM0024081979951/good,,,,,,
https://www.ssfshop.com/BEANPOLE/GM0024082642114/good,,,,,,
https://www.ssfshop.com/BEANPOLE/GM0024072937469/good,,,,,,
https://www.ssfshop.com/BEANPOLE/GM0024082224560/good,,,,,,
https://www.ssfshop.com/BEANPOLE/GM0024080703618/good,,,,,,
https://www.ssfshop.com/BEANPOLE/GPGU24082118040/good,,,,,,
https://www.ssfshop.com/BEANPOLE/GRDH24091212581/good,,,,,,
https://www.ssfshop.com/BEANPOLE/GM0024082089491/good,,,,,,
https://www.ssfshop.com/BEANPOLE/GM0024070863306/good,,,,,,
https://www.ssfshop.com/BEANPOLE/GR3A24082347408/good,,,,,,
https://www.ssfshop.com/BEANPOLE/GM0024070967068/good,,,,,,
https://www.ssfshop.com/BEANPOLE/GM0024090679096/good,,,,,,
https://www.ssfshop.com/BEANPOLE/GM0024062599150/good,,,,,,
https://www.ssfshop.com/BEANPOLE/GM0024082114901/good,,,,,,
https://www.ssfshop.com/BEANPOLE/GM0024061727694/good,,,,,,
https://www.ssfshop.com/BEANPOLE/GM0024071864473/good,,,,,,
https://www.ssfshop.com/BEANPOLE/GM0024070967067/good,,,,,,
https://www.ssfshop.com/BEANPOLE/GQ6424080580420/good,,,,,,
https://www.ssfshop.com/BEANPOLE/GM0024081971738/good,,,,,,
https://www.ssfshop.com/BEANPOLE/GM0024070558187/good,,,,,,
https://www.ssfshop.com/BEANPOLE/GM0024090679099/good,,,,,,
https://www.ssfshop.com/BEANPOLE/GPG224062714104/good,,,,,,
https://www.ssfshop.com/BEANPOLE/GM0024052385397/good,,,,,,
https://www.ssfshop.com/BEANPOLE/GM0024072399633/good,,,,,,
https://www.ssfshop.com/BEANPOLE/GM0024082636064/good,,,,,,
https://www.ssfshop.com/BEANPOLE/GPGU24082118067/good,,,,,,
https://www.ssfshop.com/BEANPOLE/GM0024071749595/good,,,,,,
https://www.ssfshop.com/BEANPOLE/GM0024062488471/good,,,,,,
https://www.ssfshop.com/BEANPOLE/GM0024082782556/good,,,,,,
https://www.ssfshop.com/BEANPOLE/GM0024082341174/good,,,,,,
https://www.ssfshop.com/BEANPOLE/GM0024072937468/good,,,,,,
https://www.ssfshop.com/BEANPOLE/GRDH24091212636/good,,,,,,
https://www.ssfshop.com/BEANPOLE/GM0024081645092/good,,,,,,
https://www.ssfshop.com/BEANPOLE/GM0024091192622/good,,,,,,
https://www.ssfshop.com/BEANPOLE/GM0024061419502/good,,,,,,
https://www.ssfshop.com/BEANPOLE/GM0024072287030/good,,,,,,
https://www.ssfshop.com/BEANPOLE/GM0024081975007/good,,,,,,
https://www.ssfshop.com/BEANPOLE/GRDH24091212689/good,,,,,,
https://www.ssfshop.com/BEANPOLE/GM0024061836495/good,,,,,,
https://www.ssfshop.com/BEANPOLE/GM0024072626938/good,,,,,,
https://www.ssfshop.com/BEANPOLE/GM0024071289599/good,,,,,,
https://www.ssfshop.com/BEANPOLE/GM0024070368041/good,,,,,,
https://www.ssfshop.com/BEANPOLE/GM0024062599151/good,,,,,,
https://www.ssfshop.com/BEANPOLE/GM0024061088078/good,,,,,,
https://www.ssfshop.com/BEANPOLE/GM0024070411716/good,,,,,,
https://www.ssfshop.com/BEANPOLE/GM0024081645113/good,,,,,,
https://www.ssfshop.com/BEANPOLE/GM0024081241216/good,,,,,,
https://www.ssfshop.com/BEANPOLE/GM0024082114913/good,,,,,,
https://www.ssfshop.com/BEANPOLE/GM0024061205703/good,,,,,,
https://www.ssfshop.com/BEANPOLE/GM0024081640315/good,,,,,,
https://www.ssfshop.com/BEANPOLE/GM0024080859938/good,,,,,,
https://www.ssfshop.com/BEANPOLE/GM0024090542915/good,,,,,,
https://www.ssfshop.com/BEANPOLE/GM0024071863302/good,,,,,,
https://www.ssfshop.com/BEANPOLE/GM0024090409321/good,,,,,,
https://www.ssfshop.com/BEANPOLE/GM0024070368040/good,,,,,,
https://www.ssfshop.com/BEANPOLE/GPD224080868278/good,,,,,,
https://www.ssfshop.com/BEANPOLE/GM0024080693621/good,,,,,,
https://www.ssfshop.com/BEANPOLE/GM0024090410761/good,,,,,,
https://www.ssfshop.com/BEANPOLE/GPSO24081258638/good,,,,,,
https://www.ssfshop.com/BEANPOLE/GM0024082636354/good,,,,,,
https://www.ssfshop.com/BEANPOLE/GM0024090542914/good,,,,,,
https://www.ssfshop.com/BEANPOLE/GM0024082345052/good,,,,,,
https://www.ssfshop.com/BEANPOLE/GQCK24082777239/good,,,,,,
https://www.ssfshop.com/BEANPOLE/GM0024073048775/good,,,,,,
https://www.ssfshop.com/BEANPOLE/GM0024062607836/good,,,,,,
https://www.ssfshop.com/BEANPOLE/GM0024071526160/good,,,,,,
https://www.ssfshop.com/BEANPOLE/GR9324081649775/good,,,,,,
https://www.ssfshop.com/BEANPOLE/GM0024090381286/good,,,,,,
https://www.ssfshop.com/BEANPOLE/GM0024070409156/good,,,,,,
https://www.ssfshop.com/BEANPOLE/GM0024080921566/good,,,,,,
https://www.ssfshop.com/BEANPOLE/GM0024071185582/good,,,,,,
https://www.ssfshop.com/BEANPOLE/GM0024071639155/good,,,,,,
https://www.ssfshop.com/BEANPOLE/GM0024061727474/good,,,,,,
https://www.ssfshop.com/BEANPOLE/GM0024060765819/good,,,,,,
https://www.ssfshop.com/BEANPOLE/GP2N24081426124/good,,,,,,
https://www.ssfshop.com/BEANPOLE/GM0024060338318/good,,,,,,
https://www.ssfshop.com/BEANPOLE/GM0024062829697/good,,,,,,
https://www.ssfshop.com/BEANPOLE/GM0024061315506/good,,,,,,
https://www.ssfshop.com/BEANPOLE/GR9324082752633/good,,,,,,
https://www.ssfshop.com/BEANPOLE/GM0024081968894/good,,,,,,
https://www.ssfshop.com/BEANPOLE/GM0024062831092/good,,,,,,
https://www.ssfshop.com/BEANPOLE/GM0024052492993/good,,,,,,
https://www.ssfshop.com/BEANPOLE/GM0024072399172/good,,,,,,
https://www.ssfshop.com/BEANPOLE/GM0024062491283/good,,,,,,
https://www.ssfshop.com/BEANPOLE/GM0024071749281/good,,,,,,
https://www.ssfshop.com/BEANPOLE/GM0024061315492/good,,,,,,
https://www.ssfshop.com/BEANPOLE/GM0024061836449/good,,,,,,
https://www.ssfshop.com/BEANPOLE/GM0024091212291/good,,,,,,
https://www.ssfshop.com/BEANPOLE/GM0024062063134/good,,,,,,
https://www.ssfshop.com/BEANPOLE/GM0024061419497/good,,,,,,
https://www.ssfshop.com/BEANPOLE/GM0024060337818/good,,,,,,
https://www.ssfshop.com/BEANPOLE/GM0024062170493/good,,,,,,
https://www.ssfshop.com/BEANPOLE/GM0024052804929/good,,,,,,
https://www.ssfshop.com/BEANPOLE/GM0024061088079/good,,,,,,
https://www.ssfshop.com/BEANPOLE/GM0024052804933/good,,,,,,
https://www.ssfshop.com/BEANPOLE/GM0024062713697/good,,,,,,
https://www.ssfshop.com/BEANPOLE/GM0024081382186/good,,,,,,
https://www.ssfshop.com/BEANPOLE/GM0024052804910/good,,,,,,
https://www.ssfshop.com/BEANPOLE/GM0024081982620/good,,,,,,
https://www.ssfshop.com/BEANPOLE/GM0024080697089/good,,,,,,
https://www.ssfshop.com/BEANPOLE/GM0024071526158/good,,,,,,
https://www.ssfshop.com/BEANPOLE/GM0024060765813/good,,,,,,
https://www.ssfshop.com/BEANPOLE/GM0024080921539/good,,,,,,
https://www.ssfshop.com/BEANPOLE/GM0024070368038/good,,,,,,
https://www.ssfshop.com/BEANPOLE/GM0024062713696/good,,,,,,
https://www.ssfshop.com/BEANPOLE/GM0024061949182/good,,,,,,
https://www.ssfshop.com/BEANPOLE/GM0024053122626/good,,,,,,
https://www.ssfshop.com/BEANPOLE/GM0024042936101/good,,,,,,
https://www.ssfshop.com/BEANPOLE/GPD224061729962/good,,,,,,
https://www.ssfshop.com/BEANPOLE/GM0024072937451/good,,,,,,
https://www.ssfshop.com/BEANPOLE/GM0024090682391/good,,,,,,
https://www.ssfshop.com/BEANPOLE/GM0024070246359/good,,,,,,
https://www.ssfshop.com/BEANPOLE/GM0024061419496/good,,,,,,
https://www.ssfshop.com/BEANPOLE/GM0024053017211/good,,,,,,
https://www.ssfshop.com/BEANPOLE/GM0024071638866/good,,,,,,
https://www.ssfshop.com/BEANPOLE/GM0024053122620/good,,,,,,
https://www.ssfshop.com/BEANPOLE/GQCK24082089373/good,,,,,,
https://www.ssfshop.com/BEANPOLE/GM0024060444906/good,,,,,,
https://www.ssfshop.com/BEANPOLE/GM0024060337810/good,,,,,,
https://www.ssfshop.com/BEANPOLE/GM0024061088075/good,,,,,,
https://www.ssfshop.com/BEANPOLE/GQ6424070558094/good,,,,,,
https://www.ssfshop.com/BEANPOLE/GM0024071289263/good,,,,,,
https://www.ssfshop.com/BEANPOLE/GM0024061088081/good,,,,,,
https://www.ssfshop.com/BEANPOLE/GM0024052804934/good,,,,,,
https://www.ssfshop.com/BEANPOLE/GM0024062829682/good,,,,,,
https://www.ssfshop.com/BEANPOLE/GM0024082341147/good,,,,,,
https://www.ssfshop.com/BEANPOLE/GM0024071525771/good,,,,,,
https://www.ssfshop.com/BEANPOLE/GM0024071289559/good,,,,,,
https://www.ssfshop.com/BEANPOLE/GPD224073050801/good,,,,,,
https://www.ssfshop.com/BEANPOLE/GM0024062170490/good,,,,,,
https://www.ssfshop.com/BEANPOLE/GM0024082114906/good,,,,,,
https://www.ssfshop.com/BEANPOLE/GM0024071077513/good,,,,,,
https://www.ssfshop.com/BEANPOLE/GM0024073158285/good,,,,,,
https://www.ssfshop.com/BEANPOLE/GM0024091325690/good,,,,,,
https://www.ssfshop.com/BEANPOLE/GM0024062063143/good,,,,,,
https://www.ssfshop.com/BEANPOLE/GPYN24091195668/good,,,,,,
https://www.ssfshop.com/BEANPOLE/GM0024071289235/good,,,,,,
https://www.ssfshop.com/BEANPOLE/GM0024090408581/good,,,,,,
https://www.ssfshop.com/BEANPOLE/GM0024073047235/good,,,,,,
https://www.ssfshop.com/BEANPOLE/GM0024080693739/good,,,,,,
https://www.ssfshop.com/BEANPOLE/GM0024080167650/good,,,,,,
https://www.ssfshop.com/BEANPOLE/GM0024080272753/good,,,,,,
https://www.ssfshop.com/BEANPOLE/GM0024080272279/good,,,,,,
https://www.ssfshop.com/BEANPOLE/GM0024071864730/good,,,,,,
https://www.ssfshop.com/BEANPOLE/GM0024062063420/good,,,,,,
https://www.ssfshop.com/BEANPOLE/GM0024090679100/good,,,,,,
https://www.ssfshop.com/BEANPOLE/GRDH24091212426/good,,,,,,
https://www.ssfshop.com/BEANPOLE/GM0024080600200/good,,,,,,
https://www.ssfshop.com/BEANPOLE/GM0024051330500/good,,,,,,
https://www.ssfshop.com/BEANPOLE/GM0024072937168/good,,,,,,
https://www.ssfshop.com/BEANPOLE/GM0024072399619/good,,,,,,
https://www.ssfshop.com/BEANPOLE/GM0024061205705/good,,,,,,
https://www.ssfshop.com/BEANPOLE/GM0024071639114/good,,,,,,
https://www.ssfshop.com/BEANPOLE/GQ6424070558092/good,,,,,,
https://www.ssfshop.com/BEANPOLE/GM0024090679136/good,,,,,,
https://www.ssfshop.com/BEANPOLE/GM0024071185947/good,,,,,,
https://www.ssfshop.com/BEANPOLE/GM0024071864738/good,,,,,,
https://www.ssfshop.com/BEANPOLE/GM0024081968913/good,,,,,,
https://www.ssfshop.com/BEANPOLE/GM0024080580252/good,,,,,,
https://www.ssfshop.com/BEANPOLE/GM0024090908401/good,,,,,,
https://www.ssfshop.com/BEANPOLE/GM0024080693741/good,,,,,,
https://www.ssfshop.com/BEANPOLE/GM0024062491282/good,,,,,,
https://www.ssfshop.com/BEANPOLE/GM0024061088082/good,,,,,,
https://www.ssfshop.com/BEANPOLE/GM0024070863284/good,,,,,,
https://www.ssfshop.com/BEANPOLE/GM0024082973914/good,,,,,,
https://www.ssfshop.com/BEANPOLE/GR3A24082348776/good,,,,,,
https://www.ssfshop.com/BEANPOLE/GM0024070863252/good,,,,,,
https://www.ssfshop.com/BEANPOLE/GM0024071525772/good,,,,,,
https://www.ssfshop.com/BEANPOLE/GQLA24082001020/good,,,,,,
https://www.ssfshop.com/BEANPOLE/GQZG24090240201/good,,,,,,
https://www.ssfshop.com/BEANPOLE/GM0024080695722/good,,,,,,
https://www.ssfshop.com/BEANPOLE/GM0024053017292/good,,,,,,
https://www.ssfshop.com/BEANPOLE/GM0024052385398/good,,,,,,
https://www.ssfshop.com/BEANPOLE/GM0024080703619/good,,,,,,
https://www.ssfshop.com/BEANPOLE/GM0024070139961/good,,,,,,
https://www.ssfshop.com/BEANPOLE/GR9H24082345695/good,,,,,,
https://www.ssfshop.com/BEANPOLE/GQAS24090419262/good,,,,,,
https://www.ssfshop.com/BEANPOLE/GM0024061834206/good,,,,,,
https://www.ssfshop.com/BEANPOLE/GM0024070367136/good,,,,,,
https://www.ssfshop.com/BEANPOLE/GM0024061209609/good,,,,,,
https://www.ssfshop.com/BEANPOLE/GM0024082839003/good,,,,,,
https://www.ssfshop.com/BEANPOLE/GM0024061209610/good,,,,,,
https://www.ssfshop.com/BEANPOLE/GM0024073048776/good,,,,,,
https://www.ssfshop.com/BEANPOLE/GM0024071865157/good,,,,,,
https://www.ssfshop.com/BEANPOLE/GM0024071864732/good,,,,,,
https://www.ssfshop.com/BEANPOLE/GQHHG24081260063/good,,,,,,
https://www.ssfshop.com/BEANPOLE/GM0024060444907/good,,,,,,
https://www.ssfshop.com/BEANPOLE/GM0024080693666/good,,,,,,
https://www.ssfshop.com/BEANPOLE/GQAS24090418106/good,,,,,,
https://www.ssfshop.com/BEANPOLE/GM0024062607604/good,,,,,,
https://www.ssfshop.com/BEANPOLE/GM0024090913517/good,,,,,,
https://www.ssfshop.com/BEANPOLE/GPVK24080707859/good,,,,,,
https://www.ssfshop.com/BEANPOLE/GM0024062607605/good,,,,,,
