https://images.istockmall.com/data2/top/levis_new_top.jpg, SYSDATE,4
https://images.istockmall.com/data2/top/levis_new_top_bar.jpg, SYSDATE,4
https://images.istockmall.com/data2/levis_new/2024/2024fw/A8642-0001_1.jpg, SYSDATE,4
https://images.istockmall.com/data2/levis_new/2024/2024fw/A8642-0001_2.jpg, SYSDATE,4
https://images.istockmall.com/data2/top/levis_new_bottom_bar.jpg, SYSDATE,4

https://images.istockmall.com/data2/top/levis_new_top.jpg, SYSDATE,4
https://images.istockmall.com/data2/top/levis_new_top_bar.jpg, SYSDATE,4
https://images.istockmall.com/data2/levis_new/2024/2024fw/A8642-0002_1.jpg, SYSDATE,4
https://images.istockmall.com/data2/levis_new/2024/2024fw/A8642-0002_2.jpg, SYSDATE,4
https://images.istockmall.com/data2/top/levis_new_bottom_bar.jpg, SYSDATE,4

https://images.istockmall.com/data2/top/levis_new_top.jpg, SYSDATE,4
https://images.istockmall.com/data2/top/levis_new_top_bar.jpg, SYSDATE,4
https://images.istockmall.com/data2/levis_new/2024/2024fw/A8642-0000_1.jpg, SYSDATE,4
https://images.istockmall.com/data2/levis_new/2024/2024fw/A8642-0000_2.jpg, SYSDATE,4
https://images.istockmall.com/data2/top/levis_new_bottom_bar.jpg, SYSDATE,4

https://images.istockmall.com/data2/top/levis_new_top.jpg, SYSDATE,4
https://images.istockmall.com/data2/top/levis_new_top_bar.jpg, SYSDATE,4
https://images.istockmall.com/data2/levis_new/2024/2024ss/A6136-0000_1.jpg, SYSDATE,4
https://images.istockmall.com/data2/levis_new/2024/2024ss/A6136-0000_2.jpg, SYSDATE,4
https://images.istockmall.com/data2/top/levis_new_bottom_bar.jpg, SYSDATE,4

https://images.istockmall.com/data2/top/levis_new_top.jpg, SYSDATE,4
https://images.istockmall.com/data2/top/levis_new_top_bar.jpg, SYSDATE,4
https://images.istockmall.com/data2/levis_new/2024/2024ss/85744-0047_1.jpg, SYSDATE,4
https://images.istockmall.com/data2/levis_new/2024/2024ss/85744-0047_2.jpg, SYSDATE,4
https://images.istockmall.com/data2/top/levis_new_bottom_bar.jpg, SYSDATE,4

https://images.istockmall.com/data2/top/levis_new_top.jpg, SYSDATE,4
https://images.istockmall.com/data2/top/levis_new_top_bar.jpg, SYSDATE,4
https://images.istockmall.com/data2/levis_new/2024/2024ss/85744-0000_1.jpg, SYSDATE,4
https://images.istockmall.com/data2/levis_new/2024/2024ss/85744-0000_2.jpg, SYSDATE,4
https://images.istockmall.com/data2/top/levis_new_bottom_bar.jpg, SYSDATE,4

https://images.istockmall.com/data2/top/levis_new_top.jpg, SYSDATE,4
https://images.istockmall.com/data2/top/levis_new_top_bar.jpg, SYSDATE,4
https://images.istockmall.com/data2/levis_new/2024/2024fw/38712-0283_1.jpg, SYSDATE,4
https://images.istockmall.com/data2/levis_new/2024/2024fw/38712-0283_2.jpg, SYSDATE,4
https://images.istockmall.com/data2/top/levis_new_bottom_bar.jpg, SYSDATE,4

https://images.istockmall.com/data2/top/levis_new_top.jpg, SYSDATE,4
https://images.istockmall.com/data2/top/levis_new_top_bar.jpg, SYSDATE,4
https://images.istockmall.com/data2/levis_new/2024/2024fw/A1012-0009_1.jpg, SYSDATE,4
https://images.istockmall.com/data2/levis_new/2024/2024fw/A1012-0009_2.jpg, SYSDATE,4
https://images.istockmall.com/data2/top/levis_new_bottom_bar.jpg, SYSDATE,4

https://images.istockmall.com/data2/top/levis_new_top.jpg, SYSDATE,4
https://images.istockmall.com/data2/top/levis_new_top_bar.jpg, SYSDATE,4
https://images.istockmall.com/data2/levis_new/2024/2024fw/A1008-0014_1.jpg, SYSDATE,4
https://images.istockmall.com/data2/levis_new/2024/2024fw/A1008-0014_2.jpg, SYSDATE,4
https://images.istockmall.com/data2/top/levis_new_bottom_bar.jpg, SYSDATE,4

https://images.istockmall.com/data2/top/levis_new_top.jpg, SYSDATE,4
https://images.istockmall.com/data2/top/levis_new_top_bar.jpg, SYSDATE,4
https://images.istockmall.com/data2/levis_new/2024/2024ss/000RY-0000_1.jpg, SYSDATE,4
https://images.istockmall.com/data2/levis_new/2024/2024ss/000RY-0000_2.jpg, SYSDATE,4
https://images.istockmall.com/data2/top/levis_new_bottom_bar.jpg, SYSDATE,4
