https://img.ssfshop.com/cmd/RB_750x/src/https://img.ssfshop.com/goods/CGCG/24/03/04/GM0024030439696_0_THNAIL_ORGINL_20240305115812510.jpg, SYSDATE,5
https://img.ssfshop.com/cmd/RB_750x/src/https://img.ssfshop.com/goods/CGCG/24/03/04/GM0024030439696_1_THNAIL_ORGINL_20240305115812510.jpg, SYSDATE,5
https://img.ssfshop.com/cmd/RB_750x/src/https://img.ssfshop.com/goods/CGCG/24/03/04/GM0024030439696_2_THNAIL_ORGINL_20240305115812510.jpg, SYSDATE,5
https://img.ssfshop.com/cmd/RB_750x/src/https://img.ssfshop.com/goods/CGCG/24/03/04/GM0024030439696_3_THNAIL_ORGINL_20240305115812510.jpg, SYSDATE,5
https://img.ssfshop.com/cmd/RB_750x/src/https://img.ssfshop.com/goods/CGCG/24/03/04/GM0024030439696_4_THNAIL_ORGINL_20240305115812510.jpg, SYSDATE,5

https://img.ssfshop.com/cmd/RB_750x/src/https://img.ssfshop.com/goods/CGCG/24/03/13/GM0024031305737_0_THNAIL_ORGINL_20240318175231929.jpg, SYSDATE,5
https://img.ssfshop.com/cmd/RB_750x/src/https://img.ssfshop.com/goods/CGCG/24/03/13/GM0024031305737_1_THNAIL_ORGINL_20240318175231929.jpg, SYSDATE,5
https://img.ssfshop.com/cmd/RB_750x/src/https://img.ssfshop.com/goods/CGCG/24/03/13/GM0024031305737_2_THNAIL_ORGINL_20240318175231929.jpg, SYSDATE,5
https://img.ssfshop.com/cmd/RB_750x/src/https://img.ssfshop.com/goods/CGCG/24/03/13/GM0024031305737_3_THNAIL_ORGINL_20240318175231929.jpg, SYSDATE,5
https://img.ssfshop.com/cmd/RB_750x/src/https://img.ssfshop.com/goods/CGCG/24/03/13/GM0024031305737_4_THNAIL_ORGINL_20240318175231929.jpg, SYSDATE,5

https://img.ssfshop.com/cmd/RB_750x/src/https://img.ssfshop.com/goods/CGCG/24/03/13/GM0024031305765_0_THNAIL_ORGINL_20240318175238429.jpg, SYSDATE,5
https://img.ssfshop.com/cmd/RB_750x/src/https://img.ssfshop.com/goods/CGCG/24/03/13/GM0024031305765_1_THNAIL_ORGINL_20240318175238429.jpg, SYSDATE,5
https://img.ssfshop.com/cmd/RB_750x/src/https://img.ssfshop.com/goods/CGCG/24/03/13/GM0024031305765_2_THNAIL_ORGINL_20240318175238429.jpg, SYSDATE,5
https://img.ssfshop.com/cmd/RB_750x/src/https://img.ssfshop.com/goods/CGCG/24/03/13/GM0024031305765_3_THNAIL_ORGINL_20240318175238429.jpg, SYSDATE,5
https://img.ssfshop.com/cmd/RB_750x/src/https://img.ssfshop.com/goods/CGCG/24/03/13/GM0024031305765_4_THNAIL_ORGINL_20240318175238429.jpg, SYSDATE,5

https://img.ssfshop.com/cmd/RB_750x/src/https://img.ssfshop.com/goods/CGCG/24/03/13/GM0024031305739_0_THNAIL_ORGINL_20240318175234261.jpg, SYSDATE,5
https://img.ssfshop.com/cmd/RB_750x/src/https://img.ssfshop.com/goods/CGCG/24/03/13/GM0024031305739_1_THNAIL_ORGINL_20240318175234261.jpg, SYSDATE,5
https://img.ssfshop.com/cmd/RB_750x/src/https://img.ssfshop.com/goods/CGCG/24/03/13/GM0024031305739_2_THNAIL_ORGINL_20240318175234261.jpg, SYSDATE,5
https://img.ssfshop.com/cmd/RB_750x/src/https://img.ssfshop.com/goods/CGCG/24/03/13/GM0024031305739_3_THNAIL_ORGINL_20240318175234261.jpg, SYSDATE,5
https://img.ssfshop.com/cmd/RB_750x/src/https://img.ssfshop.com/goods/CGCG/24/03/13/GM0024031305739_4_THNAIL_ORGINL_20240318175234261.jpg, SYSDATE,5

https://img.ssfshop.com/cmd/RB_750x/src/https://img.ssfshop.com/goods/CGCG/24/04/02/GM0024040250318_0_THNAIL_ORGINL_20240405151349564.jpg?isCDNTester=true, SYSDATE,5
https://img.ssfshop.com/cmd/RB_750x/src/https://img.ssfshop.com/goods/CGCG/24/04/02/GM0024040250318_1_THNAIL_ORGINL_20240405151349564.jpg?isCDNTester=true, SYSDATE,5
https://img.ssfshop.com/cmd/RB_750x/src/https://img.ssfshop.com/goods/CGCG/24/04/02/GM0024040250318_2_THNAIL_ORGINL_20240405151349564.jpg?isCDNTester=true, SYSDATE,5
https://img.ssfshop.com/cmd/RB_750x/src/https://img.ssfshop.com/goods/CGCG/24/04/02/GM0024040250318_3_THNAIL_ORGINL_20240405151349564.jpg?isCDNTester=true, SYSDATE,5
https://img.ssfshop.com/cmd/RB_750x/src/https://img.ssfshop.com/goods/CGCG/24/04/02/GM0024040250318_4_THNAIL_ORGINL_20240405151349564.jpg?isCDNTester=true, SYSDATE,5

https://img.ssfshop.com/cmd/RB_750x/src/https://img.ssfshop.com/goods/CGCG/24/03/04/GM0024030439747_0_THNAIL_ORGINL_20240305130143473.jpg, SYSDATE,5
https://img.ssfshop.com/cmd/RB_750x/src/https://img.ssfshop.com/goods/CGCG/24/03/04/GM0024030439747_1_THNAIL_ORGINL_20240305130143473.jpg, SYSDATE,5
https://img.ssfshop.com/cmd/RB_750x/src/https://img.ssfshop.com/goods/CGCG/24/03/04/GM0024030439747_2_THNAIL_ORGINL_20240305130143473.jpg, SYSDATE,5
https://img.ssfshop.com/cmd/RB_750x/src/https://img.ssfshop.com/goods/CGCG/24/03/04/GM0024030439747_3_THNAIL_ORGINL_20240305130143473.jpg, SYSDATE,5
https://img.ssfshop.com/cmd/RB_750x/src/https://img.ssfshop.com/goods/CGCG/24/03/04/GM0024030439747_4_THNAIL_ORGINL_20240305130143473.jpg, SYSDATE,5

https://img.ssfshop.com/cmd/RB_750x/src/https://img.ssfshop.com/goods/CGCG/24/03/04/GM0024030439746_0_THNAIL_ORGINL_20240305130142056.jpg, SYSDATE,5
https://img.ssfshop.com/cmd/RB_750x/src/https://img.ssfshop.com/goods/CGCG/24/03/04/GM0024030439746_1_THNAIL_ORGINL_20240305130142056.jpg, SYSDATE,5
https://img.ssfshop.com/cmd/RB_750x/src/https://img.ssfshop.com/goods/CGCG/24/03/04/GM0024030439746_2_THNAIL_ORGINL_20240305130142056.jpg, SYSDATE,5
https://img.ssfshop.com/cmd/RB_750x/src/https://img.ssfshop.com/goods/CGCG/24/03/04/GM0024030439746_3_THNAIL_ORGINL_20240305130142056.jpg, SYSDATE,5
https://img.ssfshop.com/cmd/RB_750x/src/https://img.ssfshop.com/goods/CGCG/24/03/04/GM0024030439746_4_THNAIL_ORGINL_20240305130142056.jpg, SYSDATE,5

https://img.ssfshop.com/cmd/RB_750x/src/https://img.ssfshop.com/goods/CGCG/24/02/27/GM0024022710637_0_THNAIL_ORGINL_20240227163203585.jpg, SYSDATE,5
https://img.ssfshop.com/cmd/RB_750x/src/https://img.ssfshop.com/goods/CGCG/24/02/27/GM0024022710637_1_THNAIL_ORGINL_20240227163203585.jpg, SYSDATE,5
https://img.ssfshop.com/cmd/RB_750x/src/https://img.ssfshop.com/goods/CGCG/24/02/27/GM0024022710637_2_THNAIL_ORGINL_20240227163203585.jpg, SYSDATE,5
https://img.ssfshop.com/cmd/RB_750x/src/https://img.ssfshop.com/goods/CGCG/24/02/27/GM0024022710637_3_THNAIL_ORGINL_20240227163203585.jpg, SYSDATE,5
https://img.ssfshop.com/cmd/RB_750x/src/https://img.ssfshop.com/goods/CGCG/24/02/27/GM0024022710637_4_THNAIL_ORGINL_20240227163203585.jpg, SYSDATE,5

https://img.ssfshop.com/cmd/RB_750x/src/https://img.ssfshop.com/goods/CGCG/24/02/27/GM0024022710633_0_THNAIL_ORGINL_20240227143449563.jpg, SYSDATE,5
https://img.ssfshop.com/cmd/RB_750x/src/https://img.ssfshop.com/goods/CGCG/24/02/27/GM0024022710633_1_THNAIL_ORGINL_20240227143449563.jpg, SYSDATE,5
https://img.ssfshop.com/cmd/RB_750x/src/https://img.ssfshop.com/goods/CGCG/24/02/27/GM0024022710633_2_THNAIL_ORGINL_20240227143449563.jpg, SYSDATE,5
https://img.ssfshop.com/cmd/RB_750x/src/https://img.ssfshop.com/goods/CGCG/24/02/27/GM0024022710633_3_THNAIL_ORGINL_20240227143449563.jpg, SYSDATE,5
https://img.ssfshop.com/cmd/RB_750x/src/https://img.ssfshop.com/goods/CGCG/24/02/27/GM0024022710633_4_THNAIL_ORGINL_20240227143449563.jpg, SYSDATE,5

https://img.ssfshop.com/cmd/RB_750x/src/https://img.ssfshop.com/goods/CGCG/23/08/08/GM0023080843804_0_THNAIL_ORGINL_20230809190014868.jpg, SYSDATE,5
https://img.ssfshop.com/cmd/RB_750x/src/https://img.ssfshop.com/goods/CGCG/23/08/08/GM0023080843804_1_THNAIL_ORGINL_20230809190014868.jpg, SYSDATE,5
https://img.ssfshop.com/cmd/RB_750x/src/https://img.ssfshop.com/goods/CGCG/23/08/08/GM0023080843804_2_THNAIL_ORGINL_20230809190014868.jpg, SYSDATE,5
https://img.ssfshop.com/cmd/RB_750x/src/https://img.ssfshop.com/goods/CGCG/23/08/08/GM0023080843804_3_THNAIL_ORGINL_20230809190014868.jpg, SYSDATE,5
https://img.ssfshop.com/cmd/RB_750x/src/https://img.ssfshop.com/goods/CGCG/23/08/08/GM0023080843804_4_THNAIL_ORGINL_20230809190014868.jpg, SYSDATE,5